step,time,A_chain_abs_rms,A_chain_rel_rms,A_chain_max_norm,A_chain_mean_norm,A_chain_work_defect,delta_K,delta_W,delta_total_energy,particle_work,grid_work,deposit_gather_work_residual,particle_energy_residual,field_energy_residual,crossing_particles,total_crossings,avg_path_segments,max_path_segments
1,0.10000000000000001,1.1344280745657809e-21,4.561947878189797e-16,5.9292306307801024e-21,1.5748226393302533e-21,-4.0810697872245713e-22,1.5254560338462397e-05,-1.5254560339170598e-05,-7.082008590675315e-16,1.5254560339171881e-05,1.5254560339169507e-05,2.3733863182065496e-18,-7.0948326694967451e-16,-1.0909784360635388e-18,64,64,1.0625,2
2,0.20000000000000001,7.1628248763104038e-21,5.7765264448043515e-16,4.4045713257223618e-20,9.9893174205259273e-21,1.5906754189976823e-21,4.4970280292488951e-05,-4.4970280292630331e-05,-1.4137996329210978e-16,4.4970280292631998e-05,4.4970280292629457e-05,2.541098841762901e-18,-1.4304692413230624e-16,-8.7413800156643795e-19,256,256,1.25,2
3,0.30000000000000004,2.8302418891750295e-20,8.8312311375291836e-16,1.3552527156068805e-19,4.0282196566472195e-20,-1.9496739708653898e-21,7.2281483909364397e-05,-7.2281483908487928e-05,8.7646903623728178e-16,7.2281483908486938e-05,7.2281483908486789e-05,1.4907779871675686e-19,8.7745837071967481e-16,-1.1384122811097797e-18,256,256,1.25,2
4,0.40000000000000002,5.3862098927927211e-20,8.8181049563465017e-16,3.1170812458958252e-19,7.6957523770695198e-20,5.0301997824560258e-21,9.5756484058462377e-05,-9.5756484059313042e-05,-8.5066502453212678e-16,9.5756484059316836e-05,9.5756484059312066e-05,4.7704895589362195e-18,-8.5445973213582604e-16,-9.7578195523695399e-19,192,192,1.1875,2
5,0.5,1.001971756147883e-19,1.0123397766496403e-15,6.0308745844506184e-19,1.381174488052761e-19,6.1475272138175208e-20,0.00011421669803990397,-0.00011421669803930192,6.0205746638120061e-16,0.00011421669803929583,0.00011421669803930086,-5.0279875749015268e-18,6.0814255107427551e-16,-1.0570971181733668e-18,256,256,1.25,2
6,0.60000000000000009,1.9035475550264869e-19,1.3114696252782508e-15,9.5545316450285078e-19,2.7363734369198256e-19,-1.7956438001177556e-20,0.00012682099283445325,-0.00012682099283492867,-4.7542265263489369e-16,0.00012682099283492659,0.00012682099283492786,-1.2739375526704677e-18,-4.733355634528591e-16,-8.1315162936412833e-19,192,192,1.1875,2
7,0.70000000000000007,3.0672665197304602e-19,1.5446697502260013e-15,1.6805133673525319e-18,4.3542291136423845e-19,-6.9843779253243402e-20,0.0001329304485588878,-0.00013293044855820931,6.7849371954142867e-16,0.00013293044855820253,0.00013293044855820866,-6.1257422745431001e-18,6.8526998311946308e-16,-6.5052130349130266e-19,216,216,1.2109375,2
8,0.80000000000000004,4.3111322334892591e-19,1.6660618246794759e-15,2.6020852139652106e-18,6.2082458892245984e-19,2.4292845987363535e-19,0.00013266948965817704,-0.00013266948965895637,-7.7932452158258059e-16,0.00013266948965895591,0.00013266948965895569,2.1684043449710089e-19,-7.7886373565927425e-16,-6.7762635780344027e-19,144,144,1.140625,2
9,0.90000000000000002,6.0668112134244187e-19,1.8754232549055357e-15,3.0357660829594124e-18,8.6828156282956251e-19,2.247607594298759e-19,0.00012582019084472762,-0.00012582019084422493,5.0269033727290413e-16,0.00012582019084422311,0.0001258201908442246,-1.4907779871675686e-18,5.0450637591181735e-16,-3.2526065174565133e-19,216,216,1.2109375,2
10,1,9.6475561077643262e-19,2.4492501997292228e-15,4.4452289071905682e-18,1.385401380982907e-18,-1.4761319299796209e-19,0.00011392626561779196,-0.00011392626561822276,-4.3080773323711519e-16,0.00011392626561822325,0.00011392626561822268,5.6920614055488983e-19,-4.3129562421473366e-16,-8.1315162936412833e-20,242,242,1.236328125,2
11,1.1000000000000001,1.3803938645340199e-18,2.9650617244089556e-15,6.5052130349130266e-18,1.9937865176610647e-18,7.1316979766928613e-19,9.6887121689093192e-05,-9.688712168912046e-05,-2.7267684638010437e-17,9.6887121689122235e-05,9.68871216891205e-05,1.7347234759768071e-18,-2.904306569545545e-17,4.0657581468206416e-20,232,232,1.2265625,2
12,1.2000000000000002,1.6084856498019995e-18,2.9756356463000455e-15,7.8062556418956319e-18,2.3019154317401303e-18,3.6028751813287816e-19,7.6788458354570821e-05,-7.6788458354016265e-05,5.5455585869917945e-16,7.6788458354014585e-05,7.6788458354016184e-05,-1.599198204416119e-18,5.5623637206653198e-16,-8.1315162936412833e-20,230,230,1.224609375,2
13,1.3,1.6800269593009029e-18,2.7300874186739294e-15,8.5109870540112098e-18,2.4339351118648186e-18,9.2241817467010517e-19,5.4592439967748874e-05,-5.4592439967642561e-05,1.0631279927578174e-16,5.459243996764269e-05,5.4592439967642696e-05,-6.7762635780344027e-21,1.0618405026779909e-16,1.3552527156068805e-19,206,206,1.201171875,2
14,1.4000000000000001,1.8290026216778834e-18,2.6561185583578327e-15,1.0842021724855044e-17,2.5136434764613472e-18,7.2700420661515412e-19,3.1751563539295091e-05,-3.1751563539269755e-05,2.5336449518270632e-17,3.1751563539270412e-05,3.1751563539269863e-05,5.4887734982078662e-19,2.4679151951201295e-17,1.0842021724855044e-19,178,178,1.173828125,2
15,1.5,2.7102795677195119e-18,3.5551069852123969e-15,1.2576745200831851e-17,3.844725560979122e-18,-7.3100476013177181e-19,9.8919340754122231e-06,-9.8919340754150912e-06,-2.8680535594030609e-18,9.8919340754155283e-06,9.8919340754150759e-06,4.5231559383379638e-19,-3.3051225601862799e-18,-1.5246593050577406e-20,128,128,1.125,2
16,1.6000000000000001,3.1032731386355036e-18,3.7425282171008289e-15,1.5287250632045613e-17,4.4101893296476688e-18,1.9403738452607889e-18,-9.881354959162536e-06,9.8813549591782028e-06,1.5666721392415539e-17,-9.8813549591781181e-06,-9.8813549591782383e-06,1.2027867851011065e-19,1.5582018097690109e-17,-3.5575383784680614e-20,298,298,1.291015625,2
17,1.7000000000000002,3.0905599497797803e-18,3.4521771641608509e-15,1.5612511283791264e-17,4.3592563038151755e-18,-1.2280390496759858e-18,-2.6349731489183625e-05,2.6349731488593606e-05,-5.900194341348225e-16,-2.6349731488594301e-05,-2.634973148859363e-05,-6.7085009422540587e-19,-5.8932486711807397e-16,-2.3716922523120409e-20,186,186,1.181640625,2
18,1.8,4.7829266633474874e-18,5.0085990939001089e-15,2.3635607360183997e-17,6.8048716195195492e-18,3.1778504179036864e-18,-3.8870125245615839e-05,3.8870125245750042e-05,1.3420390016297135e-16,-3.8870125245749948e-05,-3.8870125245750402e-05,4.5400965972830498e-19,1.3410903247287886e-16,-3.5914196963582334e-19,240,240,1.234375,2
19,1.9000000000000001,3.8166330786945501e-18,3.7927276925059185e-15,2.2985086056692694e-17,5.297551467666992e-18,1.5461860487271878e-19,-4.644604324788304e-05,4.6446043248404351e-05,5.2131150958534267e-16,-4.6446043248409203e-05,-4.6446043248404595e-05,-4.6078592330633938e-18,5.261633143072153e-16,-2.439454888092385e-19,206,206,1.201171875,2
20,2,5.277921516211673e-18,5.0066058403851095e-15,2.5045070184415152e-17,7.6376117129695457e-18,-1.2575288821683375e-18,-4.9667069706771372e-05,4.9667069706386263e-05,-3.8510861166685117e-16,-4.9667069706385748e-05,-4.9667069706386514e-05,7.6571778431788751e-19,-3.8562360769878179e-16,-2.507217523872729e-19,166,166,1.162109375,2
21,2.1000000000000001,6.3148556252352551e-18,5.7693940212623515e-15,3.4043948216044839e-17,9.1243352743646857e-18,8.6123253138929726e-19,-4.8151426751630311e-05,4.8151426751738758e-05,1.0844732230286258e-16,-4.8151426751738805e-05,-4.8151426751739185e-05,3.7947076036992655e-19,1.0849475614790882e-16,-4.2690460541616737e-19,262,262,1.255859375,2
22,2.2000000000000002,7.841897194251035e-18,7.0036429762149695e-15,3.6971294081755701e-17,1.1477749730271449e-17,5.5066710916272446e-18,-4.2294766156025787e-05,4.2294766155801954e-05,-2.2383353850963239e-16,-4.2294766155803133e-05,-4.2294766155802408e-05,-7.2506020284968109e-19,-2.226544686470544e-16,-4.5400965972830498e-19,164,164,1.16015625,2
23,2.3000000000000003,7.3617329926552157e-18,6.4129028661369994e-15,3.8163916471489756e-17,1.0589538904943646e-17,-3.5025936278395745e-18,-3.299253267474711e-05,3.2992532675008837e-05,2.6172640443800077e-16,-3.2992532675011541e-05,-3.2992532675009399e-05,-2.1412992906588713e-18,2.644301336056365e-16,-5.6242987697685543e-19,250,250,1.244140625,2
24,2.4000000000000004,7.2745343554071966e-18,6.2626145761347056e-15,4.5102810375396984e-17,1.0079085335346866e-17,-1.9896466960951919e-18,-2.1749769210543946e-05,2.1749769210979307e-05,4.3536138236155431e-16,-2.1749769210983789e-05,-2.1749769210979961e-05,-3.8285889215894375e-18,4.3984388071842406e-16,-6.5390943528031986e-19,194,194,1.189453125,2
25,2.5,9.3061900323029474e-18,7.9965920660445935e-15,5.0306980803327406e-17,1.355766063895031e-17,6.2335209898781293e-18,-8.3088679012632838e-06,8.3088679003464282e-06,-9.1685556716236682e-16,-8.3088679003482798e-06,-8.3088679003471448e-06,-1.1350241493207625e-18,-9.1500395313966892e-16,-7.1658987337713809e-19,210,210,1.205078125,2
26,2.6000000000000001,9.3971835703676908e-18,8.0207131738219028e-15,4.5970172113385388e-17,1.3659090352842174e-17,-7.7765548119478718e-18,4.3251195789295593e-06,-4.3251195783459333e-06,5.8362602944894704e-16,4.3251195783433524e-06,4.3251195783455513e-06,-2.1988975310721637e-18,5.8620693883923089e-16,-3.8201185921168945e-19,70,70,1.068359375,2
27,2.7000000000000002,8.8588193373018956e-18,7.5897588557303644e-15,5.2909066017292616e-17,1.2283195345049033e-17,-6.1138661459086721e-18,1.6993119730912554e-05,-1.6993119730784347e-05,1.282069068964109e-16,1.6993119730783371e-05,1.6993119730783923e-05,-5.5226548160980382e-19,1.2918268885164785e-16,-4.2351647362715017e-19,310,310,1.302734375,2
28,2.8000000000000003,7.8621665594663224e-18,6.8765369670421345e-15,5.4643789493269423e-17,1.0659132918600182e-17,-1.618090737551089e-20,2.8153179925993754e-05,-2.8153179925921763e-05,7.1991024253037494e-17,2.8153179925921069e-05,2.8153179925921201e-05,-1.3213713977167085e-19,7.2685591269786021e-17,-5.6242987697685543e-19,204,204,1.19921875,2
29,2.9000000000000004,1.1164932361390938e-17,9.8560389556794657e-15,5.7029034272737533e-17,1.5996485112018353e-17,-1.6298796639700317e-18,3.6556416968203109e-05,-3.6556416968320095e-05,-1.1698541441118593e-16,3.6556416968318678e-05,3.6556416968319593e-05,-9.1479558303464437e-19,-1.1556917532337674e-16,-5.014435047745458e-19,168,168,1.1640625,2
30,3,1.0187752156132738e-17,9.129415835897468e-15,6.8684207626956706e-17,1.4368749279866731e-17,-3.8283168734356998e-19,4.1772792362060329e-05,-4.1772792361912552e-05,1.4777675610977425e-16,4.1772792361912308e-05,4.1772792361912193e-05,1.1519648082658485e-19,1.4802070159858349e-16,-3.5914196963582334e-19,176,176,1.171875,2
31,3.1000000000000001,1.256732814914027e-17,1.1510123054857778e-14,6.1365842962679551e-17,1.8355329698453796e-17,-1.4275282999787492e-17,4.3386325788041802e-05,-4.3386325788662697e-05,-6.2089547912813625e-16,4.3386325788662623e-05,4.3386325788662392e-05,2.3039296165316969e-19,-6.2082094022877787e-16,-3.0493186101154812e-19,280,280,1.2734375,2
32,3.2000000000000002,1.1664008984577711e-17,1.0955849585651932e-14,6.6895274042355624e-17,1.6313363218833968e-17,5.0610121066717274e-18,4.3567261045929229e-05,-4.3567261046011045e-05,-8.1816606441187378e-17,4.3567261046009182e-05,4.3567261046010788e-05,-1.6059744679941534e-18,-7.9953133957227918e-17,-2.574980159653073e-19,282,282,1.275390625,2
33,3.3000000000000003,1.3078888424326428e-17,1.2526769286045255e-14,6.6570013390609972e-17,1.898652806283586e-17,-9.036549271651547e-18,3.7885225534495248e-05,-3.788522553422371e-05,2.7153843409899459e-16,3.7885225534222876e-05,3.788522553422354e-05,-6.6407383064737147e-19,2.7237191451909282e-16,-1.6940658945086007e-19,74,74,1.072265625,2
34,3.4000000000000004,1.2352691989803176e-17,1.1973190709665245e-14,6.4618449480136064e-17,1.7430346145404643e-17,6.1509116796823142e-18,3.2268772144128377e-05,-3.2268772144273904e-05,-1.4552703660186683e-16,3.2268772144273457e-05,3.2268772144273836e-05,-3.7947076036992655e-19,-1.4507980320571656e-16,-6.7762635780344027e-20,220,220,1.21484375,2
35,3.5,1.0845501056826927e-17,1.0687969146521162e-14,6.5160550566378816e-17,1.5056001331663297e-17,-4.3491126573938817e-18,2.2790544413453517e-05,-2.2790544412942231e-05,5.1128602762164077e-16,2.2790544412941828e-05,2.2790544412942184e-05,-3.5575383784680614e-19,5.1168921530453382e-16,-4.7433845046240819e-20,256,256,1.25,2
36,3.6000000000000001,1.0348550420812579e-17,1.0330952321073102e-14,7.1991024253037494e-17,1.4492113652254394e-17,-4.7659638124000336e-19,1.3514491732813383e-05,-1.3514491732612609e-05,2.0077391355358132e-16,1.351449173261247e-05,1.3514491732612567e-05,-9.6561755986990239e-20,2.0091282695693102e-16,-4.2351647362715017e-20,242,242,1.236328125,2
37,3.7000000000000002,8.7122238384214229e-18,8.7262954620972678e-15,5.8546917314217239e-17,1.1637879489152527e-17,2.977569177913576e-18,3.3750919952169056e-06,-3.3750919958924131e-06,-6.7550750488588364e-16,3.3750919958924872e-06,3.375091995892403e-06,8.4279778251802884e-20,-6.7558162026876839e-16,-1.0164395367051604e-20,138,138,1.134765625,2
38,3.8000000000000003,1.3841943586361587e-17,1.3851404334604204e-14,7.4506394469027546e-17,2.0043367927838723e-17,1.4548218560933417e-19,-6.0834758182082282e-06,6.0834758181220028e-06,-8.6225412931646012e-17,-6.0834758181219766e-06,-6.0834758181219893e-06,1.2705494208814505e-20,-8.6251670953010895e-17,1.3552527156068805e-20,190,190,1.185546875,2
39,3.9000000000000004,1.2529054323759769e-17,1.2471659057776711e-14,6.613633252161577e-17,1.8009947878307793e-17,-1.6900885404889464e-18,-1.4443260182517292e-05,1.4443260182894564e-05,3.7727186283885439e-16,-1.4443260182894598e-05,-1.4443260182894539e-05,-5.9292306307801024e-20,3.7730574415674456e-16,2.541098841762901e-20,168,168,1.1640625,2
40,4,1.1829063645621523e-17,1.1700001654187324e-14,7.3671537620390026e-17,1.6714891577418234e-17,-6.2751941554417359e-18,-2.0637551138236176e-05,2.0637551138475453e-05,2.3927664320397279e-16,-2.0637551138475419e-05,-2.0637551138475429e-05,1.0164395367051604e-20,2.3924276188608262e-16,2.3716922523120409e-20,260,260,1.25390625,2
41,4.1000000000000005,9.2875173858915497e-18,9.0016270068455457e-15,6.1582683397176652e-17,1.2627681483688007e-17,5.1175406001483796e-18,-2.4858773848279725e-05,2.4858773848401047e-05,1.2132222310112795e-16,-2.4858773848401003e-05,-2.4858773848401013e-05,1.0164395367051604e-20,1.2127817738787072e-16,3.3881317890172014e-20,296,296,1.2890625,2
42,4.2000000000000002,9.463735531403704e-18,9.0544939648814462e-15,4.3368086899420177e-17,1.3225612143098048e-17,-1.2373637455037741e-17,-2.5839704345109737e-05,2.5839704344341878e-05,-7.6785908360854638e-16,-2.5839704344341533e-05,-2.5839704344341861e-05,3.2864878353466853e-19,-7.6820467305102613e-16,1.6940658945086007e-20,172,172,1.16796875,2
43,4.2999999999999998,9.6448811567048355e-18,9.1399703973293982e-15,5.1499603193061461e-17,1.3424717825262012e-17,-9.8257120828255898e-18,-2.6584312198707494e-05,2.6584312198861423e-05,1.5392960343862949e-16,-2.6584312198861345e-05,-2.6584312198861471e-05,1.2536087619363645e-19,1.538516764074821e-16,-4.7433845046240819e-20,164,164,1.16015625,2
44,4.4000000000000004,1.0990430778869497e-17,1.0232492451767227e-14,6.2883726004159257e-17,1.5570391247000064e-17,9.5713865733794179e-19,-2.0627682189910956e-05,2.0627682190461013e-05,5.5005641968336461e-16,-2.062768219046085e-05,-2.0627682190461013e-05,1.6263032587282567e-19,5.4989378935749178e-16,0,176,176,1.171875,2
45,4.5,1.0113784532066966e-17,9.3881606629677765e-15,6.0932162093685349e-17,1.4130761559419405e-17,-5.8109364551107857e-18,-1.6759334302562934e-05,1.6759334302667668e-05,1.0473392986209973e-16,-1.6759334302667691e-05,-1.6759334302667722e-05,3.0493186101154812e-20,1.0475764678462285e-16,-5.4210108624275222e-20,112,112,1.109375,2
46,4.6000000000000005,8.9669235407195991e-18,8.2576548247914121e-15,5.1824863844807112e-17,1.2459060560722707e-17,7.2965170735467647e-18,-1.0615866061769452e-05,1.0615866061350327e-05,-4.1912545482858388e-16,-1.0615866061349659e-05,-1.0615866061350235e-05,5.7598240413292423e-19,-4.1979291679102027e-16,9.1479558303464437e-20,226,226,1.220703125,2
47,4.7000000000000002,1.5512171819642088e-17,1.4150673041685815e-14,6.9876830016690761e-17,2.2600568253815275e-17,-8.2609291817306937e-19,-5.088481671577938e-07,5.0884816747944948e-07,3.2165567952213703e-16,-5.0884816747910325e-07,-5.0884816747949299e-07,3.8974103485538494e-19,3.2130945480494683e-16,-4.351631766518968e-20,252,252,1.24609375,2
48,4.8000000000000007,1.0616972281583875e-17,9.7226073991712788e-15,4.7596475372113645e-17,1.5371604856552545e-17,5.6071898073661412e-19,4.8548890205779571e-06,-4.854889020490977e-06,8.6980119287649593e-17,4.8548890204910947e-06,4.8548890204907009e-06,3.9387032047324966e-19,8.6862381707981245e-17,-2.7613274080490191e-19,222,222,1.216796875,2
49,4.9000000000000004,8.2280627371346087e-18,7.5330491658854362e-15,4.6837533851373792e-17,1.1385558279653306e-17,3.5944763671353597e-18,1.1737595079885921e-05,-1.1737595080169819e-05,-2.8389833886532934e-16,1.1737595080169894e-05,1.1737595080169848e-05,4.5739779151732218e-20,-2.8397287776468771e-16,2.8799120206646212e-20,306,306,1.298828125,2
50,5,6.8559544818867901e-18,6.3362821460677407e-15,4.2934406030425976e-17,9.418829822105828e-18,-1.1382437092330634e-18,1.8288508036867768e-05,-1.8288508037319528e-05,-4.5175994022039756e-16,1.8288508037319707e-05,1.8288508037319419e-05,2.8799120206646212e-19,-4.5193951120521547e-16,-1.0842021724855044e-19,218,218,1.212890625,2
51,5.1000000000000005,6.6868750607723528e-18,6.2422131142814798e-15,3.7079714299004252e-17,9.3219731245316743e-18,-1.8629181655967306e-18,2.1381637629325212e-05,-2.1381637628595896e-05,7.293156963766867e-16,2.1381637628596076e-05,2.1381637628595744e-05,3.3203691532368573e-19,7.2913612539186878e-16,-1.5246593050577406e-19,202,202,1.197265625,2
52,5.2000000000000002,6.9902599023849556e-18,6.6939692436418887e-15,3.7513395167998453e-17,9.8632098070343086e-18,3.5944932695494783e-19,2.3886798816263877e-05,-2.3886798816326232e-05,-6.2355177445072574e-17,2.3886798816325886e-05,2.3886798816326218e-05,-3.3203691532368573e-19,-6.2009588002592819e-17,-1.3552527156068805e-20,170,170,1.166015625,2
53,5.3000000000000007,7.0754336571522842e-18,6.896161520718912e-15,3.426078865054194e-17,1.0310929171794454e-17,2.0501938585039314e-18,2.3535925166129346e-05,-2.3535925166354494e-05,-2.2514813364377106e-16,2.3535925166354372e-05,2.3535925166354338e-05,3.3881317890172014e-20,-2.2502616089936645e-16,-1.5585406229479126e-19,246,246,1.240234375,2
54,5.4000000000000004,7.0754001420444271e-18,7.1006322859448242e-15,3.3068166260807885e-17,1.0207898449826993e-17,1.360103839223307e-18,2.2881125285145743e-05,-2.2881125285128748e-05,1.6994869053710282e-17,2.288112528512889e-05,2.2881125285128795e-05,9.4867690092481638e-20,1.685256751857156e-17,4.7433845046240819e-20,188,188,1.18359375,2
55,5.5,5.6426868818086439e-18,5.8563408609375824e-15,3.1225022567582528e-17,7.8811130057898433e-18,-4.2628942590218794e-18,1.8421857945760678e-05,-1.8421857945932992e-05,-1.7231360652583683e-16,1.842185794593313e-05,1.8421857945933073e-05,5.7598240413292423e-20,-1.7245251992918653e-16,8.1315162936412833e-20,176,176,1.171875,2
56,5.6000000000000005,3.794519174662975e-18,4.0803646574980896e-15,2.3798237686056822e-17,5.1148647002767462e-18,1.8484064594446585e-19,1.3206826984912823e-05,-1.3206826985122841e-05,-2.1001843113991475e-16,1.3206826985122916e-05,1.3206826985122831e-05,8.4703294725430034e-20,-2.1009297003927313e-16,-1.0164395367051604e-20,202,202,1.197265625,2
57,5.7000000000000002,3.8816138934002224e-18,4.3390614931888878e-15,2.3852447794681098e-17,5.4038613403777665e-18,-8.6756853038550582e-19,7.552314416514605e-06,-7.552314415998241e-06,5.163639901404303e-16,7.5523144159982893e-06,7.5523144159982512e-06,3.8116482626443515e-20,5.1631570926243681e-16,1.0164395367051604e-20,250,250,1.244140625,2
58,5.8000000000000007,4.0603714924249543e-18,4.7227085700551982e-15,2.1467203015212988e-17,5.6290588581516731e-18,-2.5625072090850926e-20,8.6559217038484348e-07,-8.6559217035651913e-07,2.8324358239710176e-17,8.6559217035653533e-07,8.6559217035653109e-07,4.2351647362715017e-21,2.8308158734593938e-17,1.1964340379966992e-20,190,190,1.185546875,2
59,5.9000000000000004,4.0449428590535562e-18,4.9395503198382278e-15,1.9786689647860456e-17,5.8806325290216932e-18,1.3655268682307429e-18,-5.3070202339355887e-06,5.3070202335210161e-06,-4.1457265273709201e-16,-5.3070202335210271e-06,-5.3070202335210246e-06,-2.541098841762901e-21,-4.1456164130877771e-16,-8.4703294725430034e-21,154,154,1.150390625,2
60,6,3.537048198641977e-18,4.5096848274528946e-15,1.6913553890773869e-17,5.0994162751567059e-18,-6.9509044495564836e-19,-1.0584589736239991e-05,1.0584589736306432e-05,6.6441264382627319e-17,-1.0584589736306453e-05,-1.0584589736306439e-05,-1.3552527156068805e-20,6.6461593173361422e-17,-6.7762635780344027e-21,278,278,1.271484375,2
