particle,x,y,z,vx,vy,vz,q,m
0,5.2908558447940202,0,0,-2.8353862791947084,0,0,-0.0061654692986356386,0.0061654692986356386
1,2.5685365046915773,0,0,-1.7363406945102777,0,0,-0.0061654692986356386,0.0061654692986356386
2,-0.57031381617134169,0,0,-1.3144436712068126,0,0,-0.0061654692986356386,0.0061654692986356386
3,-2.6982757545284657,0,0,-1.6978528815424376,0,0,-0.0061654692986356386,0.0061654692986356386
4,-3.6726666458596808,0,0,-0.88448775424824322,0,0,-0.0061654692986356386,0.0061654692986356386
5,-0.75107867597371669,0,0,-0.97544003278060443,0,0,-0.0061654692986356386,0.0061654692986356386
6,3.3902349711211315,0,0,-0.97602554431711719,0,0,-0.0061654692986356386,0.0061654692986356386
7,-4.3104215698871107,0,0,-0.65232556340912562,0,0,-0.0061654692986356386,0.0061654692986356386
8,-1.6647563922385515,0,0,-0.43232113970929825,0,0,-0.0061654692986356386,0.0061654692986356386
9,0.31442360240218381,0,0,-0.67190060183088374,0,0,-0.0061654692986356386,0.0061654692986356386
10,3.1981614362797455,0,0,-0.58915400495410886,0,0,-0.0061654692986356386,0.0061654692986356386
11,5.7528279382302543,0,0,-0.54102313697977067,0,0,-0.0061654692986356386,0.0061654692986356386
12,-4.8148148818132732,0,0,-0.43025770774952893,0,0,-0.0061654692986356386,0.0061654692986356386
13,-1.6354859962511492,0,0,-0.14166258232123261,0,0,-0.0061654692986356386,0.0061654692986356386
14,1.5511220675628126,0,0,-0.1433033521693928,0,0,-0.0061654692986356386,0.0061654692986356386
15,3.8246669683339825,0,0,-0.1141014125504223,0,0,-0.0061654692986356386,0.0061654692986356386
16,6.2683669643030875,0,0,0.0088008644430682646,0,0,-0.0061654692986356386,0.0061654692986356386
17,-4.0929382265515262,0,0,0.084911071702036198,0,0,-0.0061654692986356386,0.0061654692986356386
18,-1.7369244052302157,0,0,0.17523024875097415,0,0,-0.0061654692986356386,0.0061654692986356386
19,1.0001121001643991,0,0,0.1408468774198611,0,0,-0.0061654692986356386,0.0061654692986356386
20,4.1000723760411795,0,0,0.35843471001784361,0,0,-0.0061654692986356386,0.0061654692986356386
21,5.8340813495020729,0,0,0.31039306757277763,0,0,-0.0061654692986356386,0.0061654692986356386
22,-3.6872375315376451,0,0,0.59887914468076819,0,0,-0.0061654692986356386,0.0061654692986356386
23,-1.2290436115415941,0,0,0.71984198827757084,0,0,-0.0061654692986356386,0.0061654692986356386
24,0.043659408471913075,0,0,0.50252210889143956,0,0,-0.0061654692986356386,0.0061654692986356386
25,4.3118421674803677,0,0,0.64315336684728974,0,0,-0.0061654692986356386,0.0061654692986356386
26,-3.2209300174090165,0,0,0.98581389418594656,0,0,-0.0061654692986356386,0.0061654692986356386
27,3.3582245858199293,0,0,1.2207576627348935,0,0,-0.0061654692986356386,0.0061654692986356386
28,3.6113112573470723,0,0,0.85189925867115535,0,0,-0.0061654692986356386,0.0061654692986356386
29,1.517009276956923,0,0,1.3422714547914123,0,0,-0.0061654692986356386,0.0061654692986356386
30,2.0473858829017022,0,0,1.1880465904762023,0,0,-0.0061654692986356386,0.0061654692986356386
31,1.354626636935615,0,0,2.6494913394628239,0,0,-0.0061654692986356386,0.0061654692986356386
32,4.1839892509276915,0,0,-2.6804696708129909,0,0,-0.0064001339424209543,0.0064001339424209543
33,-5.9837389627032076,0,0,-1.9577422069300698,0,0,-0.0064001339424209543,0.0064001339424209543
34,-5.764789400266694,0,0,-1.5680876229488105,0,0,-0.0064001339424209543,0.0064001339424209543
35,-1.3220592052778688,0,0,-1.2359161054767023,0,0,-0.0064001339424209543,0.0064001339424209543
36,-2.69614244697858,0,0,-2.0315340140610365,0,0,-0.0064001339424209543,0.0064001339424209543
37,-4.1312432185644532,0,0,-0.98793076096792742,0,0,-0.0064001339424209543,0.0064001339424209543
38,-0.38930483728514442,0,0,-0.97914641954811221,0,0,-0.0064001339424209543,0.0064001339424209543
39,2.898238749173327,0,0,-1.0516156592264163,0,0,-0.0064001339424209543,0.0064001339424209543
40,6.1943122270355992,0,0,-0.81177843981834108,0,0,-0.0064001339424209543,0.0064001339424209543
41,-4.7487536252684661,0,0,-0.83237413002095539,0,0,-0.0064001339424209543,0.0064001339424209543
42,-0.77045720657456407,0,0,-0.52331533362349947,0,0,-0.0064001339424209543,0.0064001339424209543
43,2.7171144170005199,0,0,-0.55908784748471174,0,0,-0.0064001339424209543,0.0064001339424209543
44,4.6293604035268245,0,0,-0.51675483579734072,0,0,-0.0064001339424209543,0.0064001339424209543
45,-4.9528768580778522,0,0,-0.35273102627794634,0,0,-0.0064001339424209543,0.0064001339424209543
46,-2.3362689408931319,0,0,-0.21830188283464766,0,0,-0.0064001339424209543,0.0064001339424209543
47,0.61921938369872453,0,0,-0.23421629374260497,0,0,-0.0064001339424209543,0.0064001339424209543
48,2.3832981862585179,0,0,-0.28624159972860552,0,0,-0.0064001339424209543,0.0064001339424209543
49,4.8279635423684972,0,0,-0.014587138648059312,0,0,-0.0064001339424209543,0.0064001339424209543
50,-5.4705557739118627,0,0,0.12581226622285455,0,0,-0.0064001339424209543,0.0064001339424209543
51,-2.87737625356759,0,0,0.27659442578977672,0,0,-0.0064001339424209543,0.0064001339424209543
52,-1.8103324769169165,0,0,0.05345915108432004,0,0,-0.0064001339424209543,0.0064001339424209543
53,1.2867399536409456,0,0,0.03829905065680262,0,0,-0.0064001339424209543,0.0064001339424209543
54,4.7241948094231176,0,0,0.29842124759472194,0,0,-0.0064001339424209543,0.0064001339424209543
55,-4.5504847007127447,0,0,0.48019059636854994,0,0,-0.0064001339424209543,0.0064001339424209543
56,-2.5636633248394571,0,0,0.5612962374244852,0,0,-0.0064001339424209543,0.0064001339424209543
57,-0.016763088525617142,0,0,0.49796015615954681,0,0,-0.0064001339424209543,0.0064001339424209543
58,5.0294920455578982,0,0,0.68016163173715771,0,0,-0.0064001339424209543,0.0064001339424209543
59,-2.2660254437733141,0,0,1.1275305840938972,0,0,-0.0064001339424209543,0.0064001339424209543
60,3.4469594010651541,0,0,1.0667444521091365,0,0,-0.0064001339424209543,0.0064001339424209543
61,-5.5546256440138269,0,0,1.1706565249465322,0,0,-0.0064001339424209543,0.0064001339424209543
62,0.49445024066039167,0,0,1.493220295707719,0,0,-0.0064001339424209543,0.0064001339424209543
63,5.4840460368469444,0,0,2.0649233860444092,0,0,-0.0064001339424209543,0.0064001339424209543
64,2.2220375758859596,0,0,-2.6162819191165334,0,0,-0.0068604451993323681,0.0068604451993323681
65,4.6155865738198152,0,0,-2.9442749251691853,0,0,-0.0068604451993323681,0.0068604451993323681
66,-3.0831894012521168,0,0,-2.1913782952563712,0,0,-0.0068604451993323681,0.0068604451993323681
67,-4.154187908432065,0,0,-1.3989023208976774,0,0,-0.0068604451993323681,0.0068604451993323681
68,-2.4309586741828184,0,0,-1.3420785393852139,0,0,-0.0068604451993323681,0.0068604451993323681
69,0.76717304070780923,0,0,-1.8242238029601157,0,0,-0.0068604451993323681,0.0068604451993323681
70,-5.0418416584252013,0,0,-1.1470251393263378,0,0,-0.0068604451993323681,0.0068604451993323681
71,0.15817003178401023,0,0,-1.0156626185567239,0,0,-0.0068604451993323681,0.0068604451993323681
72,2.4785786734459894,0,0,-1.123941281336545,0,0,-0.0068604451993323681,0.0068604451993323681
73,3.4553250912297262,0,0,-1.2509520952315125,0,0,-0.0068604451993323681,0.0068604451993323681
74,6.1907606928850267,0,0,-0.93868770756225495,0,0,-0.0068604451993323681,0.0068604451993323681
75,-1.4299116853579621,0,0,-0.42838336559346979,0,0,-0.0068604451993323681,0.0068604451993323681
76,1.3318124662207325,0,0,-0.75049605524214036,0,0,-0.0068604451993323681,0.0068604451993323681
77,3.5957078577975619,0,0,-0.6344029213921577,0,0,-0.0068604451993323681,0.0068604451993323681
78,6.1546836513819194,0,0,-0.45672637829418306,0,0,-0.0068604451993323681,0.0068604451993323681
79,-4.7078912779053868,0,0,-0.45952536410201755,0,0,-0.0068604451993323681,0.0068604451993323681
80,-1.2327856970916766,0,0,-0.15511933163073741,0,0,-0.0068604451993323681,0.0068604451993323681
81,1.3391867671408679,0,0,-0.24154437492816383,0,0,-0.0068604451993323681,0.0068604451993323681
82,3.164233485699306,0,0,-0.26242668766129806,0,0,-0.0068604451993323681,0.0068604451993323681
83,5.415289640569803,0,0,-0.20654357186878891,0,0,-0.0068604451993323681,0.0068604451993323681
84,-4.4241092656880534,0,0,-0.042733114512166201,0,0,-0.0068604451993323681,0.0068604451993323681
85,-2.2035955180569609,0,0,0.03111506534123526,0,0,-0.0068604451993323681,0.0068604451993323681
86,0.79179643621090623,0,0,-0.037723886887080865,0,0,-0.0068604451993323681,0.0068604451993323681
87,4.6166026697457028,0,0,0.28134808468368117,0,0,-0.0068604451993323681,0.0068604451993323681
88,-3.9865475531305199,0,0,0.53500612046898766,0,0,-0.0068604451993323681,0.0068604451993323681
89,-0.83484826875151352,0,0,0.67217450262788525,0,0,-0.0068604451993323681,0.0068604451993323681
90,4.1132326040355487,0,0,0.80401611408737494,0,0,-0.0068604451993323681,0.0068604451993323681
91,-5.9586489065783859,0,0,0.79706606442239081,0,0,-0.0068604451993323681,0.0068604451993323681
92,-3.3866217797194973,0,0,0.87224760426117132,0,0,-0.0068604451993323681,0.0068604451993323681
93,2.2186626708294579,0,0,0.70164670808189422,0,0,-0.0068604451993323681,0.0068604451993323681
94,1.1098909957985104,0,0,1.3735713362176727,0,0,-0.0068604451993323681,0.0068604451993323681
95,-1.5435429602557331,0,0,1.8205315217439533,0,0,-0.0068604451993323681,0.0068604451993323681
96,-0.43736976969721475,0,0,-2.869699859080336,0,0,-0.0075287135659122982,0.0075287135659122982
97,4.069887618561598,0,0,-2.7242957453098349,0,0,-0.0075287135659122982,0.0075287135659122982
98,-0.3580456138318997,0,0,-2.6645821325172214,0,0,-0.0075287135659122982,0.0075287135659122982
99,3.4783431934427789,0,0,-1.6559019813781295,0,0,-0.0075287135659122982,0.0075287135659122982
100,-3.0971331099448918,0,0,-1.2785355813524382,0,0,-0.0075287135659122982,0.0075287135659122982
101,-2.2547309623407044,0,0,-1.3595673956423973,0,0,-0.0075287135659122982,0.0075287135659122982
102,3.0665270464460122,0,0,-1.4476792014795734,0,0,-0.0075287135659122982,0.0075287135659122982
103,-4.4357380286938666,0,0,-1.0687253675990096,0,0,-0.0075287135659122982,0.0075287135659122982
104,1.0584020992013894,0,0,-1.0666310603034805,0,0,-0.0075287135659122982,0.0075287135659122982
105,3.0182039171173827,0,0,-1.0428681910425468,0,0,-0.0075287135659122982,0.0075287135659122982
106,5.8955323749724506,0,0,-0.83056068527872717,0,0,-0.0075287135659122982,0.0075287135659122982
107,-5.6991979107246538,0,0,-0.87425053653835305,0,0,-0.0075287135659122982,0.0075287135659122982
108,-0.66661475585575936,0,0,-0.5463748950923466,0,0,-0.0075287135659122982,0.0075287135659122982
109,1.3201101110423075,0,0,-0.75478392359183266,0,0,-0.0075287135659122982,0.0075287135659122982
110,3.8587856744215401,0,0,-0.59025980077496965,0,0,-0.0075287135659122982,0.0075287135659122982
111,6.2657040720184405,0,0,-0.42289688067153314,0,0,-0.0075287135659122982,0.0075287135659122982
112,-4.548020306741873,0,0,-0.42991365361694323,0,0,-0.0075287135659122982,0.0075287135659122982
113,-1.4695072718381805,0,0,-0.19801309688280316,0,0,-0.0075287135659122982,0.0075287135659122982
114,1.3059117765913273,0,0,-0.24822180373909841,0,0,-0.0075287135659122982,0.0075287135659122982
115,3.2464331011783045,0,0,-0.24407922326612999,0,0,-0.0075287135659122982,0.0075287135659122982
116,5.2506133399391661,0,0,-0.22824049567752747,0,0,-0.0075287135659122982,0.0075287135659122982
117,-4.339119183593982,0,0,-0.031179588589694218,0,0,-0.0075287135659122982,0.0075287135659122982
118,-0.88828753080067635,0,0,0.18113797017392291,0,0,-0.0075287135659122982,0.0075287135659122982
119,1.1361457285424263,0,0,0.0015750370356738556,0,0,-0.0075287135659122982,0.0075287135659122982
120,5.1505636796394434,0,0,0.31001417631584272,0,0,-0.0075287135659122982,0.0075287135659122982
121,-4.1031804815155919,0,0,0.46178099070921541,0,0,-0.0075287135659122982,0.0075287135659122982
122,-0.48029654721831871,0,0,0.61607556451531298,0,0,-0.0075287135659122982,0.0075287135659122982
123,4.1747557830486848,0,0,0.68708173563395225,0,0,-0.0075287135659122982,0.0075287135659122982
124,-3.1700718008033832,0,0,0.9776314907674144,0,0,-0.0075287135659122982,0.0075287135659122982
125,2.9628093294778672,0,0,0.93900345449261857,0,0,-0.0075287135659122982,0.0075287135659122982
126,2.3928153800331042,0,0,1.6177939995930204,0,0,-0.0075287135659122982,0.0075287135659122982
127,-6.0220069749907124,0,0,1.6261885474562046,0,0,-0.0075287135659122982,0.0075287135659122982
128,-5.2137969225041205,0,0,-3.0043686921216204,0,0,-0.0083792578636022966,0.0083792578636022966
129,0.052459367844359228,0,0,-2.874265604790526,0,0,-0.0083792578636022966,0.0083792578636022966
130,3.8900041224575794,0,0,-2.9246157172173732,0,0,-0.0083792578636022966,0.0083792578636022966
131,-5.2488703587715362,0,0,-2.1069398318177184,0,0,-0.0083792578636022966,0.0083792578636022966
132,5.5980174368644331,0,0,-1.7194082311570609,0,0,-0.0083792578636022966,0.0083792578636022966
133,-2.1357695300683517,0,0,-1.2684860107816851,0,0,-0.0083792578636022966,0.0083792578636022966
134,-2.8712594346728451,0,0,-1.7243870264552188,0,0,-0.0083792578636022966,0.0083792578636022966
135,-5.3400381627592211,0,0,-1.0928096291706932,0,0,-0.0083792578636022966,0.0083792578636022966
136,-3.8382367324891891,0,0,-1.0581526775010108,0,0,-0.0083792578636022966,0.0083792578636022966
137,1.625996675162269,0,0,-1.0440436112445981,0,0,-0.0083792578636022966,0.0083792578636022966
138,2.6226593222361458,0,0,-1.1595867211885662,0,0,-0.0083792578636022966,0.0083792578636022966
139,-5.3048253312130065,0,0,-0.75868484595750385,0,0,-0.0083792578636022966,0.0083792578636022966
140,-3.2306808518344234,0,0,-0.69967941710255399,0,0,-0.0083792578636022966,0.0083792578636022966
141,-0.24708999413288879,0,0,-0.6709197272239984,0,0,-0.0083792578636022966,0.0083792578636022966
142,2.4501688659079868,0,0,-0.64257225423434228,0,0,-0.0083792578636022966,0.0083792578636022966
143,4.3067074536224137,0,0,-0.55803428931494892,0,0,-0.0083792578636022966,0.0083792578636022966
144,-5.1399465963633881,0,0,-0.4031460296776968,0,0,-0.0083792578636022966,0.0083792578636022966
145,-2.8717957423567508,0,0,-0.29246617510756817,0,0,-0.0083792578636022966,0.0083792578636022966
146,0.17575902491229023,0,0,-0.27582140270480626,0,0,-0.0083792578636022966,0.0083792578636022966
147,2.2737974062556852,0,0,-0.29327685382453533,0,0,-0.0083792578636022966,0.0083792578636022966
148,4.9837818830638607,0,0,-0.088843432577315223,0,0,-0.0083792578636022966,0.0083792578636022966
149,-5.0651083328290261,0,0,-0.032517967473799946,0,0,-0.0083792578636022966,0.0083792578636022966
150,-2.3320945489358458,0,0,0.16453760130793479,0,0,-0.0083792578636022966,0.0083792578636022966
151,0.97675976727061631,0,0,0.078929005268903174,0,0,-0.0083792578636022966,0.0083792578636022966
152,4.0705465801264076,0,0,0.28437094391067713,0,0,-0.0083792578636022966,0.0083792578636022966
153,-5.0156477383750513,0,0,0.49048508417553455,0,0,-0.0083792578636022966,0.0083792578636022966
154,-1.1674935437012683,0,0,0.70793372049897096,0,0,-0.0083792578636022966,0.0083792578636022966
155,4.1666682618416466,0,0,0.80148250308455848,0,0,-0.0083792578636022966,0.0083792578636022966
156,-4.6676619125844558,0,0,0.9919569204800478,0,0,-0.0083792578636022966,0.0083792578636022966
157,0.67596715462114698,0,0,0.9670630479452812,0,0,-0.0083792578636022966,0.0083792578636022966
158,-5.359335809503432,0,0,1.2006347816724185,0,0,-0.0083792578636022966,0.0083792578636022966
159,0.27815771641055154,0,0,1.2683149390519339,0,0,-0.0083792578636022966,0.0083792578636022966
160,3.4879015318296496,0,0,-3.1977390013390314,0,0,-0.0093793921520328727,0.0093793921520328727
161,-1.523959569984779,0,0,-3.0126078087800683,0,0,-0.0093793921520328727,0.0093793921520328727
162,4.1547642740323631,0,0,-2.7302690317882337,0,0,-0.0093793921520328727,0.0093793921520328727
163,3.0571330465973094,0,0,-2.1813736661378247,0,0,-0.0093793921520328727,0.0093793921520328727
164,3.9189846600831721,0,0,-1.5776388792474816,0,0,-0.0093793921520328727,0.0093793921520328727
165,-3.266066914502006,0,0,-1.2995388937611538,0,0,-0.0093793921520328727,0.0093793921520328727
166,-2.0953325707484662,0,0,-1.3646373015665894,0,0,-0.0093793921520328727,0.0093793921520328727
167,0.31094612477344796,0,0,-1.9023364171790029,0,0,-0.0093793921520328727,0.0093793921520328727
168,-4.7096293483459863,0,0,-1.120230699556948,0,0,-0.0093793921520328727,0.0093793921520328727
169,0.49037493501442864,0,0,-1.0560238245474547,0,0,-0.0093793921520328727,0.0093793921520328727
170,1.939132173762081,0,0,-1.2118221495335759,0,0,-0.0093793921520328727,0.0093793921520328727
171,4.0539264352359616,0,0,-1.1343767870015968,0,0,-0.0093793921520328727,0.0093793921520328727
172,-5.7258744590840553,0,0,-0.87831944961813091,0,0,-0.0093793921520328727,0.0093793921520328727
173,-2.3426548078817966,0,0,-0.57102302778162417,0,0,-0.0093793921520328727,0.0093793921520328727
174,0.1685728497896708,0,0,-0.76651573651642435,0,0,-0.0093793921520328727,0.0093793921520328727
175,3.0703208250489933,0,0,-0.68666168388604576,0,0,-0.0093793921520328727,0.0093793921520328727
176,5.3563442078314036,0,0,-0.63063481089944795,0,0,-0.0093793921520328727,0.0093793921520328727
177,-5.0523208247959372,0,0,-0.5360209682463094,0,0,-0.0093793921520328727,0.0093793921520328727
178,-2.3379095448940062,0,0,-0.28971512804162258,0,0,-0.0093793921520328727,0.0093793921520328727
179,0.77653039246593014,0,0,-0.28310371030575299,0,0,-0.0093793921520328727,0.0093793921520328727
180,3.2303813860372337,0,0,-0.2542711094229439,0,0,-0.0093793921520328727,0.0093793921520328727
181,5.0267796138134457,0,0,-0.23608557683605444,0,0,-0.0093793921520328727,0.0093793921520328727
182,-3.901503564709746,0,0,0.071980009681556545,0,0,-0.0093793921520328727,0.0093793921520328727
183,-2.1833620943405183,0,0,0.003880867683682909,0,0,-0.0093793921520328727,0.0093793921520328727
184,1.0987766345555414,0,0,-0.0090190325484346256,0,0,-0.0093793921520328727,0.0093793921520328727
185,4.8102090446737513,0,0,0.25042710843259058,0,0,-0.0093793921520328727,0.0093793921520328727
186,-5.2477094786924665,0,0,0.32600481396208236,0,0,-0.0093793921520328727,0.0093793921520328727
187,-0.56691512592830851,0,0,0.58295011732686053,0,0,-0.0093793921520328727,0.0093793921520328727
188,3.1675921473278432,0,0,0.48393778293743273,0,0,-0.0093793921520328727,0.0093793921520328727
189,-4.1512440934703285,0,0,0.74401919099297353,0,0,-0.0093793921520328727,0.0093793921520328727
190,1.7939270550202728,0,0,0.7018685638042701,0,0,-0.0093793921520328727,0.0093793921520328727
191,-1.2085796448916248,0,0,1.507072043592395,0,0,-0.0093793921520328727,0.0093793921520328727
192,0.512358489398272,0,0,-3.337316875153002,0,0,-0.010490681831381415,0.010490681831381415
193,-4.2468656847331658,0,0,-2.9446771761651442,0,0,-0.010490681831381415,0.010490681831381415
194,2.6228102192102618,0,0,-2.6443609364548819,0,0,-0.010490681831381415,0.010490681831381415
195,-5.2798395703542527,0,0,-2.7747705107578553,0,0,-0.010490681831381415,0.010490681831381415
196,-0.57446079279963591,0,0,-2.1119839000835428,0,0,-0.010490681831381415,0.010490681831381415
197,5.1612634628022107,0,0,-1.8109400916419827,0,0,-0.010490681831381415,0.010490681831381415
198,-3.3254730774084993,0,0,-1.3995742436920051,0,0,-0.010490681831381415,0.010490681831381415
199,-2.530629439998481,0,0,-2.0377692393926106,0,0,-0.010490681831381415,0.010490681831381415
200,-5.5151467286898139,0,0,-1.2011889953126555,0,0,-0.010490681831381415,0.010490681831381415
201,-1.6149549408153314,0,0,-1.0521829448080431,0,0,-0.010490681831381415,0.010490681831381415
202,1.622096118188864,0,0,-1.2341624755809171,0,0,-0.010490681831381415,0.010490681831381415
203,2.8160725194209135,0,0,-1.2792700111840343,0,0,-0.010490681831381415,0.010490681831381415
204,5.859126257205503,0,0,-1.0002111080152307,0,0,-0.010490681831381415,0.010490681831381415
205,-1.4592783690096294,0,0,-0.4384815396493642,0,0,-0.010490681831381415,0.010490681831381415
206,0.2729058440001042,0,0,-0.76974949635322121,0,0,-0.010490681831381415,0.010490681831381415
207,2.6314302816796165,0,0,-0.64830288198708774,0,0,-0.010490681831381415,0.010490681831381415
208,4.8964389887345554,0,0,-0.5937156350260212,0,0,-0.010490681831381415,0.010490681831381415
209,-5.4224024327051312,0,0,-0.53168808078357133,0,0,-0.010490681831381415,0.010490681831381415
210,-2.7444497782566271,0,0,-0.34498255509543435,0,0,-0.010490681831381415,0.010490681831381415
211,0.15612006705771719,0,0,-0.35816952916266942,0,0,-0.010490681831381415,0.010490681831381415
212,2.7238755155026055,0,0,-0.38855088766839513,0,0,-0.010490681831381415,0.010490681831381415
213,4.8150770036315507,0,0,-0.23454577222261766,0,0,-0.010490681831381415,0.010490681831381415
214,-4.8885704367480018,0,0,-0.14395371953346234,0,0,-0.010490681831381415,0.010490681831381415
215,-2.5958535239013103,0,0,-0.026367937769116875,0,0,-0.010490681831381415,0.010490681831381415
216,0.43026765176949677,0,0,-0.067917849797300256,0,0,-0.010490681831381415,0.010490681831381415
217,4.318892486182321,0,0,0.17847080335052473,0,0,-0.010490681831381415,0.010490681831381415
218,-5.1054447092641855,0,0,0.31818479255515109,0,0,-0.010490681831381415,0.010490681831381415
219,-1.445068413357566,0,0,0.51959656228094764,0,0,-0.010490681831381415,0.010490681831381415
220,2.7215557449053414,0,0,0.45664758939864664,0,0,-0.010490681831381415,0.010490681831381415
221,-4.2006457587440416,0,0,0.76293600502227754,0,0,-0.010490681831381415,0.010490681831381415
222,1.8887357670423661,0,0,0.82364833637343748,0,0,-0.010490681831381415,0.010490681831381415
223,-1.4622423147482033,0,0,1.4700016367869531,0,0,-0.010490681831381415,0.010490681831381415
224,-2.2558827336194849,0,0,-3.3643770915362019,0,0,-0.011670420662488981,0.011670420662488981
225,4.0782589166185303,0,0,-3.1891993216125329,0,0,-0.011670420662488981,0.011670420662488981
226,-0.80795961025974883,0,0,-3.0114347820272198,0,0,-0.011670420662488981,0.011670420662488981
227,5.6044565618593083,0,0,-2.8579602031449012,0,0,-0.011670420662488981,0.011670420662488981
228,2.0340775610344934,0,0,-1.801168253487037,0,0,-0.011670420662488981,0.011670420662488981
229,-2.9459291590673411,0,0,-1.27261620923972,0,0,-0.011670420662488981,0.011670420662488981
230,-2.2422599369757528,0,0,-1.4370587832711876,0,0,-0.011670420662488981,0.011670420662488981
231,-0.15111023177624183,0,0,-1.9683025968941983,0,0,-0.011670420662488981,0.011670420662488981
232,-3.675211195165788,0,0,-0.91293979912848355,0,0,-0.011670420662488981,0.011670420662488981
233,-0.14028015763318891,0,0,-1.0152408849971639,0,0,-0.011670420662488981,0.011670420662488981
234,1.8726130047999572,0,0,-1.28183121938572,0,0,-0.011670420662488981,0.011670420662488981
235,-5.9997360898943626,0,0,-0.81242413848788309,0,0,-0.011670420662488981,0.011670420662488981
236,-5.0842607597657112,0,0,-0.85704070320732473,0,0,-0.011670420662488981,0.011670420662488981
237,-0.72135059964403592,0,0,-0.61300155136626067,0,0,-0.011670420662488981,0.011670420662488981
238,1.0993534729808214,0,0,-0.7903219798787926,0,0,-0.011670420662488981,0.011670420662488981
239,3.7458288874786962,0,0,-0.63718209603119691,0,0,-0.011670420662488981,0.011670420662488981
240,-6.051217871057343,0,0,-0.36868481468086334,0,0,-0.011670420662488981,0.011670420662488981
241,-4.3383857061337903,0,0,-0.41112720403963765,0,0,-0.011670420662488981,0.011670420662488981
242,-1.3919692994186033,0,0,-0.2033225215515001,0,0,-0.011670420662488981,0.011670420662488981
243,1.3566896437107454,0,0,-0.26792946692504782,0,0,-0.011670420662488981,0.011670420662488981
244,4.1456069602209666,0,0,-0.10871037286951467,0,0,-0.011670420662488981,0.011670420662488981
245,5.9297496128129161,0,0,-0.15476270683751142,0,0,-0.011670420662488981,0.011670420662488981
246,-3.6137507545208045,0,0,0.10058522220612343,0,0,-0.011670420662488981,0.011670420662488981
247,0.24999935485107105,0,0,0.20305921007161395,0,0,-0.011670420662488981,0.011670420662488981
248,3.5441211334264864,0,0,0.26297563399340995,0,0,-0.011670420662488981,0.011670420662488981
249,5.4829166445422857,0,0,0.24385552963122026,0,0,-0.011670420662488981,0.011670420662488981
250,-3.6219688632795295,0,0,0.47035997416504288,0,0,-0.011670420662488981,0.011670420662488981
251,0.39673163276068468,0,0,0.44832294884531959,0,0,-0.011670420662488981,0.011670420662488981
252,5.7514638524194019,0,0,0.75948257488868298,0,0,-0.011670420662488981,0.011670420662488981
253,-3.8214137548003402,0,0,0.75186403019674097,0,0,-0.011670420662488981,0.011670420662488981
254,1.771311641672618,0,0,0.62324836613220869,0,0,-0.011670420662488981,0.011670420662488981
255,-0.95117845069546814,0,0,1.5309433018653973,0,0,-0.011670420662488981,0.011670420662488981
256,4.41452090332624,0,0,-3.5118124964894646,0,0,-0.012873271943681278,0.012873271943681278
257,1.8368980494960496,0,0,-3.3750446924406563,0,0,-0.012873271943681278,0.012873271943681278
258,2.2938816214956645,0,0,-2.686721757803435,0,0,-0.012873271943681278,0.012873271943681278
259,4.3992301913392744,0,0,-2.0514668690881481,0,0,-0.012873271943681278,0.012873271943681278
260,4.1044912846207868,0,0,-1.6277559306557372,0,0,-0.012873271943681278,0.012873271943681278
261,-3.9330276221701141,0,0,-1.4136979865274601,0,0,-0.012873271943681278,0.012873271943681278
262,-3.094568761807758,0,0,-1.7706592879655048,0,0,-0.012873271943681278,0.012873271943681278
263,5.9185004285164382,0,0,-1.1917257825533347,0,0,-0.012873271943681278,0.012873271943681278
264,-4.2996401618100331,0,0,-1.23143125512888,0,0,-0.012873271943681278,0.012873271943681278
265,1.3456421562710972,0,0,-1.1406326402601044,0,0,-0.012873271943681278,0.012873271943681278
266,1.9891221358441662,0,0,-1.3226753734696362,0,0,-0.012873271943681278,0.012873271943681278
267,4.2578405154961114,0,0,-1.1283069229638083,0,0,-0.012873271943681278,0.012873271943681278
268,-4.9826534174781552,0,0,-0.89412611877286063,0,0,-0.012873271943681278,0.012873271943681278
269,-0.55557603452009907,0,0,-0.70717633452803852,0,0,-0.012873271943681278,0.012873271943681278
270,1.3192977791063347,0,0,-0.81993281798913109,0,0,-0.012873271943681278,0.012873271943681278
271,3.9816067782281195,0,0,-0.65145335015428074,0,0,-0.012873271943681278,0.012873271943681278
272,-5.8898137224574789,0,0,-0.41284994655356683,0,0,-0.012873271943681278,0.012873271943681278
273,-3.6011390918685073,0,0,-0.40249003234260577,0,0,-0.012873271943681278,0.012873271943681278
274,-0.88327693981911981,0,0,-0.22621960649784617,0,0,-0.012873271943681278,0.012873271943681278
275,1.9070568670167845,0,0,-0.29398474484201553,0,0,-0.012873271943681278,0.012873271943681278
276,4.6179301637866299,0,0,-0.093665394450661063,0,0,-0.012873271943681278,0.012873271943681278
277,-5.3702391169910104,0,0,-0.072044035264676162,0,0,-0.012873271943681278,0.012873271943681278
278,-2.6340497245225341,0,0,0.095565412414978151,0,0,-0.012873271943681278,0.012873271943681278
279,0.27363376210833312,0,0,0.11810050998809418,0,0,-0.012873271943681278,0.012873271943681278
280,3.0498610570633566,0,0,0.16234064890264974,0,0,-0.012873271943681278,0.012873271943681278
281,6.2566977716990024,0,0,0.32589989678299158,0,0,-0.012873271943681278,0.012873271943681278
282,-2.4833732421012868,0,0,0.57229902094970986,0,0,-0.012873271943681278,0.012873271943681278
283,2.5530002560164533,0,0,0.57817219521332142,0,0,-0.012873271943681278,0.012873271943681278
284,-5.1907610836142943,0,0,0.90567939443447332,0,0,-0.012873271943681278,0.012873271943681278
285,-1.3315633306279837,0,0,1.0160967266982017,0,0,-0.012873271943681278,0.012873271943681278
286,4.5869855643771764,0,0,0.98483552253495144,0,0,-0.012873271943681278,0.012873271943681278
287,0.093203067655844407,0,0,1.2908994869400654,0,0,-0.012873271943681278,0.012873271943681278
288,-1.4951346609107334,0,0,-4.0406182502389001,0,0,-0.014053010774788847,0.014053010774788847
289,5.3135644875281098,0,0,-3.0992974834770628,0,0,-0.014053010774788847,0.014053010774788847
290,3.0575782303681436,0,0,-2.8183379749862443,0,0,-0.014053010774788847,0.014053010774788847
291,-5.6575679284550526,0,0,-2.1621645764570392,0,0,-0.014053010774788847,0.014053010774788847
292,5.6579663270123,0,0,-1.7548101298792629,0,0,-0.014053010774788847,0.014053010774788847
293,-2.855553675440262,0,0,-1.5680191555060641,0,0,-0.014053010774788847,0.014053010774788847
294,-5.8486433488538205,0,0,-1.1059855108031955,0,0,-0.014053010774788847,0.014053010774788847
295,-5.0672495450163852,0,0,-1.1751240560651297,0,0,-0.014053010774788847,0.014053010774788847
296,-3.3220116300779519,0,0,-1.2365126311826031,0,0,-0.014053010774788847,0.014053010774788847
297,0.47515782183658573,0,0,-1.5221583216084387,0,0,-0.014053010774788847,0.014053010774788847
298,3.9127742570000574,0,0,-1.1971129389014028,0,0,-0.014053010774788847,0.014053010774788847
299,5.6582203903736001,0,0,-1.0940543273299383,0,0,-0.014053010774788847,0.014053010774788847
300,-1.1751048058762601,0,0,-0.5574830100611512,0,0,-0.014053010774788847,0.014053010774788847
301,-0.21238372510166936,0,0,-0.83130219029535635,0,0,-0.014053010774788847,0.014053010774788847
302,2.9609033970561054,0,0,-0.78146929800655585,0,0,-0.014053010774788847,0.014053010774788847
303,6.2492530318641002,0,0,-0.4630346827184762,0,0,-0.014053010774788847,0.014053010774788847
304,-4.8970821781762268,0,0,-0.52816612262508922,0,0,-0.014053010774788847,0.014053010774788847
305,-2.4775315424506541,0,0,-0.35477208069476457,0,0,-0.014053010774788847,0.014053010774788847
306,0.37303251515782065,0,0,-0.37616163151195176,0,0,-0.014053010774788847,0.014053010774788847
307,2.2549464410803868,0,0,-0.48697021908681615,0,0,-0.014053010774788847,0.014053010774788847
308,5.8944964698674269,0,0,-0.17256381713458455,0,0,-0.014053010774788847,0.014053010774788847
309,-5.2650624505959609,0,0,-0.17813634899976352,0,0,-0.014053010774788847,0.014053010774788847
310,-0.86650540242061869,0,0,0.17083898542371267,0,0,-0.014053010774788847,0.014053010774788847
311,2.4549160088119137,0,0,0.20537567589374373,0,0,-0.014053010774788847,0.014053010774788847
312,4.5531182428017356,0,0,0.19034520976298996,0,0,-0.014053010774788847,0.014053010774788847
313,-5.735569622957061,0,0,0.29553048053801034,0,0,-0.014053010774788847,0.014053010774788847
314,-2.472539455359259,0,0,0.5407233074415011,0,0,-0.014053010774788847,0.014053010774788847
315,1.1345242900945482,0,0,0.36127075631006206,0,0,-0.014053010774788847,0.014053010774788847
316,-4.3069801461873078,0,0,1.0398186617194005,0,0,-0.014053010774788847,0.014053010774788847
317,1.2309358608949772,0,0,0.98877897355989375,0,0,-0.014053010774788847,0.014053010774788847
318,-3.8295928501834013,0,0,1.2890820973018473,0,0,-0.014053010774788847,0.014053010774788847
319,0.40787398508659933,0,0,1.0817779764079309,0,0,-0.014053010774788847,0.014053010774788847
320,-0.11845410041943083,0,0,-3.8771370604365525,0,0,-0.015164300454137388,0.015164300454137388
321,-5.396246494545939,0,0,-3.079066127177672,0,0,-0.015164300454137388,0.015164300454137388
322,-4.6332064002881923,0,0,-2.7114168573570407,0,0,-0.015164300454137388,0.015164300454137388
323,4.5990144856369799,0,0,-1.6418552984103039,0,0,-0.015164300454137388,0.015164300454137388
324,-2.9320610046553437,0,0,-1.4005293356377035,0,0,-0.015164300454137388,0.015164300454137388
325,5.7331618254375574,0,0,-1.152792613288167,0,0,-0.015164300454137388,0.015164300454137388
326,4.8643981192190324,0,0,-1.3702990352469318,0,0,-0.015164300454137388,0.015164300454137388
327,-4.4937234888593585,0,0,-1.3623981142525017,0,0,-0.015164300454137388,0.015164300454137388
328,0.4134289373815232,0,0,-1.5364769184484792,0,0,-0.015164300454137388,0.015164300454137388
329,3.3977705813883006,0,0,-1.3202351811747135,0,0,-0.015164300454137388,0.015164300454137388
330,-5.3121559388383135,0,0,-0.89919735306675064,0,0,-0.015164300454137388,0.015164300454137388
331,-0.97395460767467057,0,0,-0.67516362484484804,0,0,-0.015164300454137388,0.015164300454137388
332,0.92021087945888347,0,0,-0.83475758180526838,0,0,-0.015164300454137388,0.015164300454137388
333,3.0719409444544663,0,0,-0.78266041235856199,0,0,-0.015164300454137388,0.015164300454137388
334,5.9962705774804022,0,0,-0.54986943109033015,0,0,-0.015164300454137388,0.015164300454137388
335,-5.2241327947591456,0,0,-0.59488039074168353,0,0,-0.015164300454137388,0.015164300454137388
336,-2.4510089079774793,0,0,-0.35401565505215871,0,0,-0.015164300454137388,0.015164300454137388
337,0.36637789271324372,0,0,-0.38049085834972646,0,0,-0.015164300454137388,0.015164300454137388
338,3.024312308626131,0,0,-0.32994170939204293,0,0,-0.015164300454137388,0.015164300454137388
339,4.6193183257929142,0,0,-0.27359625306891555,0,0,-0.015164300454137388,0.015164300454137388
340,-6.0801884645754454,0,0,-0.22064665414720833,0,0,-0.015164300454137388,0.015164300454137388
341,-3.1204224084324608,0,0,0.0042132602891487934,0,0,-0.015164300454137388,0.015164300454137388
342,-0.36940139277492445,0,0,0.12830418350448586,0,0,-0.015164300454137388,0.015164300454137388
343,2.8455564576983416,0,0,0.12344066317938265,0,0,-0.015164300454137388,0.015164300454137388
344,-6.2374667211699766,0,0,0.3440937816249286,0,0,-0.015164300454137388,0.015164300454137388
345,-2.5239931622283143,0,0,0.55655644115488989,0,0,-0.015164300454137388,0.015164300454137388
346,0.80992808440859765,0,0,0.4224180430730099,0,0,-0.015164300454137388,0.015164300454137388
347,2.4112406753804372,0,0,0.39349836287057705,0,0,-0.015164300454137388,0.015164300454137388
348,-6.0508972009332078,0,0,0.63559219296919944,0,0,-0.015164300454137388,0.015164300454137388
349,1.8275537171696179,0,0,1.0474083196592863,0,0,-0.015164300454137388,0.015164300454137388
350,0.48351942884394639,0,0,1.9562368058419519,0,0,-0.015164300454137388,0.015164300454137388
351,3.3956166023853331,0,0,1.2525992614351964,0,0,-0.015164300454137388,0.015164300454137388
352,6.1980123136139582,0,0,-3.3935072644797004,0,0,-0.016164434742567964,0.016164434742567964
353,0.21598592860817423,0,0,-2.8585247956539055,0,0,-0.016164434742567964,0.016164434742567964
354,-1.8437913144486693,0,0,-2.1864029039575947,0,0,-0.016164434742567964,0.016164434742567964
355,6.2001225252030707,0,0,-1.7029751018737571,0,0,-0.016164434742567964,0.016164434742567964
356,4.4507019510534587,0,0,-1.2801246723962703,0,0,-0.016164434742567964,0.016164434742567964
357,-4.3384687987927544,0,0,-1.0582076428192944,0,0,-0.016164434742567964,0.016164434742567964
358,-3.5703422961314066,0,0,-1.2717368652940428,0,0,-0.016164434742567964,0.016164434742567964
359,1.6881368661684002,0,0,-1.3650740187514436,0,0,-0.016164434742567964,0.016164434742567964
360,5.2663439511352834,0,0,-1.0235556415057931,0,0,-0.016164434742567964,0.016164434742567964
361,-2.8184912998520941,0,0,-0.6626086015380771,0,0,-0.016164434742567964,0.016164434742567964
362,-0.60411332302319032,0,0,-0.72100457476761559,0,0,-0.016164434742567964,0.016164434742567964
363,1.6691902010518094,0,0,-0.81084426732056336,0,0,-0.016164434742567964,0.016164434742567964
364,3.9360112645634402,0,0,-0.67004885231783884,0,0,-0.016164434742567964,0.016164434742567964
365,-6.0989561824713912,0,0,-0.44518176817143862,0,0,-0.016164434742567964,0.016164434742567964
366,-3.6069348924249049,0,0,-0.41983048665609085,0,0,-0.016164434742567964,0.016164434742567964
367,-0.58694081727613945,0,0,-0.25628963186671144,0,0,-0.016164434742567964,0.016164434742567964
368,1.5570262462030966,0,0,-0.29508651467740021,0,0,-0.016164434742567964,0.016164434742567964
369,3.7113132821313091,0,0,-0.22838933884897417,0,0,-0.016164434742567964,0.016164434742567964
370,-6.1015299778537981,0,0,0.0016914513970397787,0,0,-0.016164434742567964,0.016164434742567964
371,-3.3076859239988008,0,0,0.14830924676581919,0,0,-0.016164434742567964,0.016164434742567964
372,-2.4770116674092857,0,0,-0.03392121908516197,0,0,-0.016164434742567964,0.016164434742567964
373,-0.52054789259407563,0,0,0.11533144722701415,0,0,-0.016164434742567964,0.016164434742567964
374,2.0090632294061024,0,0,0.065650251980322538,0,0,-0.016164434742567964,0.016164434742567964
375,4.1461328905192261,0,0,0.065341591036608582,0,0,-0.016164434742567964,0.016164434742567964
376,-5.567611204172743,0,0,0.26180193592251366,0,0,-0.016164434742567964,0.016164434742567964
377,-1.7690941193490941,0,0,0.47393080527622078,0,0,-0.016164434742567964,0.016164434742567964
378,2.9880614882610104,0,0,0.62775212324623453,0,0,-0.016164434742567964,0.016164434742567964
379,-5.5001253787915623,0,0,0.83239519892864922,0,0,-0.016164434742567964,0.016164434742567964
380,-3.6783522022976691,0,0,0.76294954501490297,0,0,-0.016164434742567964,0.016164434742567964
381,-0.2234886889466452,0,0,0.88254528663969189,0,0,-0.016164434742567964,0.016164434742567964
382,1.8023356399699679,0,0,1.9564314812200063,0,0,-0.016164434742567964,0.016164434742567964
383,6.1240725873939503,0,0,1.3262160807178696,0,0,-0.016164434742567964,0.016164434742567964
384,-3.6615397236024618,0,0,-3.4433687099540435,0,0,-0.01701497904025796,0.01701497904025796
385,5.4393024744599465,0,0,-2.8880802875430027,0,0,-0.01701497904025796,0.01701497904025796
386,-5.8877101704226416,0,0,-1.6314857122044657,0,0,-0.01701497904025796,0.01701497904025796
387,-2.59061096963935,0,0,-2.0478172322988528,0,0,-0.01701497904025796,0.01701497904025796
388,-4.5358118141542834,0,0,-1.2201225326641729,0,0,-0.01701497904025796,0.01701497904025796
389,0.44821314082664898,0,0,-1.0925239194526364,0,0,-0.01701497904025796,0.01701497904025796
390,1.3188703040148075,0,0,-1.429887483938602,0,0,-0.01701497904025796,0.01701497904025796
391,2.5391038095656455,0,0,-1.4422777689657793,0,0,-0.01701497904025796,0.01701497904025796
392,-3.8192594742816377,0,0,-0.82909006384628603,0,0,-0.01701497904025796,0.01701497904025796
393,-0.40339794438704324,0,0,-0.77154718313537385,0,0,-0.01701497904025796,0.01701497904025796
394,2.0625491356448347,0,0,-0.78556378309276964,0,0,-0.01701497904025796,0.01701497904025796
395,3.2212839387387522,0,0,-0.83882216397885379,0,0,-0.01701497904025796,0.01701497904025796
396,-6.1254301844141095,0,0,-0.47569265631435825,0,0,-0.01701497904025796,0.01701497904025796
397,-3.6995106006094094,0,0,-0.46961454471918851,0,0,-0.01701497904025796,0.01701497904025796
398,-0.67977777646953008,0,0,-0.28735048069798669,0,0,-0.01701497904025796,0.01701497904025796
399,1.5742089357701765,0,0,-0.32375297402454223,0,0,-0.01701497904025796,0.01701497904025796
400,3.9148440391293402,0,0,-0.21574464297949858,0,0,-0.01701497904025796,0.01701497904025796
401,-5.7526655001167901,0,0,0.035304817381489557,0,0,-0.01701497904025796,0.01701497904025796
402,-3.2184068851523557,0,0,0.17056000676573493,0,0,-0.01701497904025796,0.01701497904025796
403,-1.5643751950741933,0,0,0.061236396053702999,0,0,-0.01701497904025796,0.01701497904025796
404,1.5320391876942567,0,0,0.059013256129875034,0,0,-0.01701497904025796,0.01701497904025796
405,2.9472383107936473,0,0,0.12629057270452099,0,0,-0.01701497904025796,0.01701497904025796
406,4.7375204778251181,0,0,0.17046497938627109,0,0,-0.01701497904025796,0.01701497904025796
407,-6.2467143686185107,0,0,0.12334232329845148,0,0,-0.01701497904025796,0.01701497904025796
408,-3.5845001919410038,0,0,0.30949860119514649,0,0,-0.01701497904025796,0.01701497904025796
409,-1.0429582236788866,0,0,0.38215616965269911,0,0,-0.01701497904025796,0.01701497904025796
410,2.977818891310033,0,0,0.4503924130689283,0,0,-0.01701497904025796,0.01701497904025796
411,-4.6052919334898172,0,0,0.91313685371098574,0,0,-0.01701497904025796,0.01701497904025796
412,0.48771970533380848,0,0,0.93052852922249996,0,0,-0.01701497904025796,0.01701497904025796
413,2.3307325317264187,0,0,0.61170669466710936,0,0,-0.01701497904025796,0.01701497904025796
414,0.98028776979454957,0,0,1.9160035961228539,0,0,-0.01701497904025796,0.01701497904025796
415,-5.8311461151693145,0,0,1.2448906589583788,0,0,-0.01701497904025796,0.01701497904025796
416,-1.6503073196324438,0,0,-3.5777790328121339,0,0,-0.017683247406837892,0.017683247406837892
417,3.1226202869514381,0,0,-1.7454965562537377,0,0,-0.017683247406837892,0.017683247406837892
418,-3.3252020362758139,0,0,-1.6442992959623526,0,0,-0.017683247406837892,0.017683247406837892
419,-4.5111139310604722,0,0,-1.236182262857862,0,0,-0.017683247406837892,0.017683247406837892
420,1.2457853584300764,0,0,-1.2029136107631109,0,0,-0.017683247406837892,0.017683247406837892
421,2.3021071237551425,0,0,-1.3311867776170285,0,0,-0.017683247406837892,0.017683247406837892
422,2.1281615119963107,0,0,-1.5253971695834154,0,0,-0.017683247406837892,0.017683247406837892
423,-4.6840053262635299,0,0,-0.96928113975871155,0,0,-0.017683247406837892,0.017683247406837892
424,-1.1347416769614922,0,0,-0.88853151127498298,0,0,-0.017683247406837892,0.017683247406837892
425,2.2568421751855752,0,0,-0.83731053511264109,0,0,-0.017683247406837892,0.017683247406837892
426,4.9190232398492242,0,0,-0.6949489929015995,0,0,-0.017683247406837892,0.017683247406837892
427,-5.7283132770590015,0,0,-0.62947208383570885,0,0,-0.017683247406837892,0.017683247406837892
428,-3.369634102446883,0,0,-0.4469516392799473,0,0,-0.017683247406837892,0.017683247406837892
429,-0.53355278640933701,0,0,-0.37650913651298612,0,0,-0.017683247406837892,0.017683247406837892
430,1.8218902818478,0,0,-0.42527221441040647,0,0,-0.017683247406837892,0.017683247406837892
431,4.0252656651522614,0,0,-0.28786896596014239,0,0,-0.017683247406837892,0.017683247406837892
432,-5.9632311424663449,0,0,-0.074256950932362606,0,0,-0.017683247406837892,0.017683247406837892
433,-3.2030491027546391,0,0,0.14284505897302713,0,0,-0.017683247406837892,0.017683247406837892
434,-1.0183665090910399,0,0,0.13358019666428439,0,0,-0.017683247406837892,0.017683247406837892
435,0.79635897443801085,0,0,-0.065636596417260482,0,0,-0.017683247406837892,0.017683247406837892
436,3.5307419046428343,0,0,0.12684830727566646,0,0,-0.017683247406837892,0.017683247406837892
437,-5.9019373257091026,0,0,0.4352608330947807,0,0,-0.017683247406837892,0.017683247406837892
438,-4.5450700443085257,0,0,0.32585893091229734,0,0,-0.017683247406837892,0.017683247406837892
439,-2.5973868581068347,0,0,0.48236899265852068,0,0,-0.017683247406837892,0.017683247406837892
440,-0.82442656068500852,0,0,0.35194342292091757,0,0,-0.017683247406837892,0.017683247406837892
441,1.9050468830532701,0,0,0.3484652611709888,0,0,-0.017683247406837892,0.017683247406837892
442,5.0395486732576042,0,0,0.58172446526608579,0,0,-0.017683247406837892,0.017683247406837892
443,-4.1519281946284243,0,0,0.64814551082739791,0,0,-0.017683247406837892,0.017683247406837892
444,1.5534920814780024,0,0,0.94044842442215493,0,0,-0.017683247406837892,0.017683247406837892
445,-1.9490813591898615,0,0,1.581699595333881,0,0,-0.017683247406837892,0.017683247406837892
446,-2.3765467301046601,0,0,1.338377104352052,0,0,-0.017683247406837892,0.017683247406837892
447,-1.4863590463707563,0,0,1.7122107362292156,0,0,-0.017683247406837892,0.017683247406837892
448,-4.3840135508933509,0,0,-3.0251817771567917,0,0,-0.018143558663749306,0.018143558663749306
449,-5.2534719157670811,0,0,-1.6076254262690319,0,0,-0.018143558663749306,0.018143558663749306
450,3.9252108046919005,0,0,-1.4705033026186041,0,0,-0.018143558663749306,0.018143558663749306
451,1.1712727536821879,0,0,-1.3105779854180239,0,0,-0.018143558663749306,0.018143558663749306
452,3.6387908542015257,0,0,-1.2436032266169819,0,0,-0.018143558663749306,0.018143558663749306
453,4.3395357976372093,0,0,-1.1425405810421307,0,0,-0.018143558663749306,0.018143558663749306
454,-5.0539422992858167,0,0,-0.99939944375875256,0,0,-0.018143558663749306,0.018143558663749306
455,-0.74288822902594553,0,0,-0.86563684112513117,0,0,-0.018143558663749306,0.018143558663749306
456,2.2996112488236591,0,0,-0.86381086292705733,0,0,-0.018143558663749306,0.018143558663749306
457,5.3553451871594522,0,0,-0.77547697882047684,0,0,-0.018143558663749306,0.018143558663749306
458,-4.1753731259470825,0,0,-0.48374823876303702,0,0,-0.018143558663749306,0.018143558663749306
459,-1.4175876054079808,0,0,-0.25783488880950745,0,0,-0.018143558663749306,0.018143558663749306
460,0.51010536846213572,0,0,-0.37413127529547152,0,0,-0.018143558663749306,0.018143558663749306
461,2.8094412310325261,0,0,-0.40438175713827801,0,0,-0.018143558663749306,0.018143558663749306
462,5.2407176589041669,0,0,-0.26120367893716673,0,0,-0.018143558663749306,0.018143558663749306
463,-5.5371247901725598,0,0,-0.18370839220476029,0,0,-0.018143558663749306,0.018143558663749306
464,-3.3163795182670759,0,0,-0.0029257052719931374,0,0,-0.018143558663749306,0.018143558663749306
465,-1.1782521017832401,0,0,0.067612014832292705,0,0,-0.018143558663749306,0.018143558663749306
466,1.8126878840897618,0,0,0.090614418697929217,0,0,-0.018143558663749306,0.018143558663749306
467,3.4915728587987189,0,0,0.083282524420786014,0,0,-0.018143558663749306,0.018143558663749306
468,-6.2542836725560136,0,0,0.32489414520768312,0,0,-0.018143558663749306,0.018143558663749306
469,-3.8634837876237675,0,0,0.41238915952579785,0,0,-0.018143558663749306,0.018143558663749306
470,-1.433674406081618,0,0,0.50882106745031253,0,0,-0.018143558663749306,0.018143558663749306
471,1.8788271436863297,0,0,0.43771861898806075,0,0,-0.018143558663749306,0.018143558663749306
472,3.6571119029900458,0,0,0.50315981585024605,0,0,-0.018143558663749306,0.018143558663749306
473,5.409833718130642,0,0,0.63469530359615856,0,0,-0.018143558663749306,0.018143558663749306
474,-5.0276305507744103,0,0,0.7139608466326951,0,0,-0.018143558663749306,0.018143558663749306
475,-1.676473121513486,0,0,0.85859283215048787,0,0,-0.018143558663749306,0.018143558663749306
476,1.4515863082049796,0,0,0.55512926721554656,0,0,-0.018143558663749306,0.018143558663749306
477,0.81125358445490026,0,0,1.9007662406853163,0,0,-0.018143558663749306,0.018143558663749306
478,-0.76727879109560426,0,0,1.1766039946404581,0,0,-0.018143558663749306,0.018143558663749306
479,3.6921652601796584,0,0,1.4780942880424679,0,0,-0.018143558663749306,0.018143558663749306
480,1.3540052195993919,0,0,-2.4088867603233863,0,0,-0.018378223307534622,0.018378223307534622
481,3.5677600846731092,0,0,-1.3785298440708631,0,0,-0.018378223307534622,0.018378223307534622
482,-3.9508828052214171,0,0,-1.3186723969606682,0,0,-0.018378223307534622,0.018378223307534622
483,3.0812374987759288,0,0,-1.3467273866020053,0,0,-0.018378223307534622,0.018378223307534622
484,-6.1128687786587808,0,0,-0.94184400164028492,0,0,-0.018378223307534622,0.018378223307534622
485,-2.2738188698621293,0,0,-0.59773089516373346,0,0,-0.018378223307534622,0.018378223307534622
486,0.48118740626645895,0,0,-0.8668239988925569,0,0,-0.018378223307534622,0.018378223307534622
487,2.1573938111360533,0,0,-0.89878057841481418,0,0,-0.018378223307534622,0.018378223307534622
488,5.3356441407403903,0,0,-0.79891788768533323,0,0,-0.018378223307534622,0.018378223307534622
489,-4.9264068561368743,0,0,-0.61710101853276345,0,0,-0.018378223307534622,0.018378223307534622
490,-1.5538438227484743,0,0,-0.35314256465243687,0,0,-0.018378223307534622,0.018378223307534622
491,1.405264267695534,0,0,-0.40932848603860916,0,0,-0.018378223307534622,0.018378223307534622
492,3.8953924980577916,0,0,-0.25013654868588941,0,0,-0.018378223307534622,0.018378223307534622
493,6.1517804858333509,0,0,-0.12388697994230966,0,0,-0.018378223307534622,0.018378223307534622
494,-4.9844355486728755,0,0,-0.18337142578827209,0,0,-0.018378223307534622,0.018378223307534622
495,-2.5730857395253697,0,0,-0.063633664373909368,0,0,-0.018378223307534622,0.018378223307534622
496,-0.22033218078978667,0,0,0.109382633037251,0,0,-0.018378223307534622,0.018378223307534622
497,1.7017869031854778,0,0,-0.003068817349480309,0,0,-0.018378223307534622,0.018378223307534622
498,3.5075442047135752,0,0,-0.03928062099207219,0,0,-0.018378223307534622,0.018378223307534622
499,-6.0149875058806543,0,0,0.33759169610753192,0,0,-0.018378223307534622,0.018378223307534622
500,-4.0255379540982537,0,0,0.36013508329219734,0,0,-0.018378223307534622,0.018378223307534622
501,-1.1185963997096273,0,0,0.52551911676383845,0,0,-0.018378223307534622,0.018378223307534622
502,2.0299427988362435,0,0,0.46578958725751718,0,0,-0.018378223307534622,0.018378223307534622
503,4.6940401699026886,0,0,0.59649383835897118,0,0,-0.018378223307534622,0.018378223307534622
504,-5.85919587520051,0,0,0.68711317280527162,0,0,-0.018378223307534622,0.018378223307534622
505,-3.0740045796454032,0,0,0.88470234937459014,0,0,-0.018378223307534622,0.018378223307534622
506,-1.4869100358113192,0,0,0.87039238678897513,0,0,-0.018378223307534622,0.018378223307534622
507,0.87340220169402638,0,0,0.74455848658653812,0,0,-0.018378223307534622,0.018378223307534622
508,6.2436137792964956,0,0,0.96376623024341879,0,0,-0.018378223307534622,0.018378223307534622
509,-0.4599110183461077,0,0,1.554358996356807,0,0,-0.018378223307534622,0.018378223307534622
510,4.260952450910283,0,0,1.0639244120440081,0,0,-0.018378223307534622,0.018378223307534622
511,-3.7289436517999142,0,0,1.753447835119224,0,0,-0.018378223307534622,0.018378223307534622
512,3.7289436517999448,0,0,-1.7534478351194189,0,0,-0.018378223307534622,0.018378223307534622
513,-4.2609524509092873,0,0,-1.0639244120441749,0,0,-0.018378223307534622,0.018378223307534622
514,0.45991101834483938,0,0,-1.5543589963570283,0,0,-0.018378223307534622,0.018378223307534622
515,-6.2436137793009499,0,0,-0.96376623024390251,0,0,-0.018378223307534622,0.018378223307534622
516,-0.87340220169657634,0,0,-0.74455848658615509,0,0,-0.018378223307534622,0.018378223307534622
517,1.4869100358119116,0,0,-0.87039238678895436,0,0,-0.018378223307534622,0.018378223307534622
518,3.0740045796462763,0,0,-0.88470234937428727,0,0,-0.018378223307534622,0.018378223307534622
519,5.8591958751999798,0,0,-0.68711317280544326,0,0,-0.018378223307534622,0.018378223307534622
520,-4.6940401699017098,0,0,-0.59649383835894076,0,0,-0.018378223307534622,0.018378223307534622
521,-2.0299427988374807,0,0,-0.46578958725783509,0,0,-0.018378223307534622,0.018378223307534622
522,1.1185963997102126,0,0,-0.52551911676404894,0,0,-0.018378223307534622,0.018378223307534622
523,4.0255379540990557,0,0,-0.36013508329202198,0,0,-0.018378223307534622,0.018378223307534622
524,6.0149875058809119,0,0,-0.33759169610742301,0,0,-0.018378223307534622,0.018378223307534622
525,-3.5075442047137386,0,0,0.039280620992207735,0,0,-0.018378223307534622,0.018378223307534622
526,-1.7017869031837414,0,0,0.0030688173497395044,0,0,-0.018378223307534622,0.018378223307534622
527,0.22033218078914274,0,0,-0.10938263303738055,0,0,-0.018378223307534622,0.018378223307534622
528,2.5730857395244051,0,0,0.063633664373910118,0,0,-0.018378223307534622,0.018378223307534622
529,4.984435548672959,0,0,0.18337142578828378,0,0,-0.018378223307534622,0.018378223307534622
530,-6.1517804858337257,0,0,0.12388697994218011,0,0,-0.018378223307534622,0.018378223307534622
531,-3.8953924980571313,0,0,0.25013654868620433,0,0,-0.018378223307534622,0.018378223307534622
532,-1.4052642676946423,0,0,0.40932848603874322,0,0,-0.018378223307534622,0.018378223307534622
533,1.5538438227487568,0,0,0.35314256465249594,0,0,-0.018378223307534622,0.018378223307534622
534,4.9264068561364205,0,0,0.61710101853276267,0,0,-0.018378223307534622,0.018378223307534622
535,-5.3356441407420512,0,0,0.7989178876849149,0,0,-0.018378223307534622,0.018378223307534622
536,-2.1573938111359645,0,0,0.89878057841527292,0,0,-0.018378223307534622,0.018378223307534622
537,-0.48118740626598022,0,0,0.86682399889243433,0,0,-0.018378223307534622,0.018378223307534622
538,2.2738188698635451,0,0,0.59773089516389133,0,0,-0.018378223307534622,0.018378223307534622
539,6.1128687786579778,0,0,0.9418440016406957,0,0,-0.018378223307534622,0.018378223307534622
540,-3.0812374987840849,0,0,1.3467273866017624,0,0,-0.018378223307534622,0.018378223307534622
541,3.9508828052180576,0,0,1.3186723969607934,0,0,-0.018378223307534622,0.018378223307534622
542,-3.5677600846728987,0,0,1.3785298440707787,0,0,-0.018378223307534622,0.018378223307534622
543,-1.3540052195973873,0,0,2.4088867603237678,0,0,-0.018378223307534622,0.018378223307534622
544,-3.6921652601792387,0,0,-1.4780942880423602,0,0,-0.018143558663749306,0.018143558663749306
545,0.76727879109796149,0,0,-1.1766039946403639,0,0,-0.018143558663749306,0.018143558663749306
546,-0.8112535844540929,0,0,-1.9007662406851549,0,0,-0.018143558663749306,0.018143558663749306
547,-1.4515863082070783,0,0,-0.55512926721427913,0,0,-0.018143558663749306,0.018143558663749306
548,1.6764731215134336,0,0,-0.8585928321506322,0,0,-0.018143558663749306,0.018143558663749306
549,5.0276305507748198,0,0,-0.7139608466327354,0,0,-0.018143558663749306,0.018143558663749306
550,-5.4098337181305558,0,0,-0.63469530359604542,0,0,-0.018143558663749306,0.018143558663749306
551,-3.6571119029912906,0,0,-0.50315981585068048,0,0,-0.018143558663749306,0.018143558663749306
552,-1.8788271436877526,0,0,-0.43771861898838083,0,0,-0.018143558663749306,0.018143558663749306
553,1.4336744060812485,0,0,-0.50882106745052103,0,0,-0.018143558663749306,0.018143558663749306
554,3.8634837876243093,0,0,-0.41238915952567984,0,0,-0.018143558663749306,0.018143558663749306
555,6.2542836725570652,0,0,-0.3248941452072987,0,0,-0.018143558663749306,0.018143558663749306
556,-3.4915728587987847,0,0,-0.083282524420648332,0,0,-0.018143558663749306,0.018143558663749306
557,-1.812687884090689,0,0,-0.090614418698271887,0,0,-0.018143558663749306,0.018143558663749306
558,1.1782521017842438,0,0,-0.067612014832158937,0,0,-0.018143558663749306,0.018143558663749306
559,3.3163795182668139,0,0,0.0029257052720466793,0,0,-0.018143558663749306,0.018143558663749306
560,5.5371247901735643,0,0,0.18370839220480828,0,0,-0.018143558663749306,0.018143558663749306
561,-5.2407176589046394,0,0,0.26120367893706781,0,0,-0.018143558663749306,0.018143558663749306
562,-2.8094412310331642,0,0,0.4043817571380518,0,0,-0.018143558663749306,0.018143558663749306
563,-0.51010536846205312,0,0,0.3741312752955035,0,0,-0.018143558663749306,0.018143558663749306
564,1.4175876054064256,0,0,0.25783488880929062,0,0,-0.018143558663749306,0.018143558663749306
565,4.1753731259466029,0,0,0.48374823876288808,0,0,-0.018143558663749306,0.018143558663749306
566,-5.3553451871587212,0,0,0.77547697882046607,0,0,-0.018143558663749306,0.018143558663749306
567,-2.2996112488235121,0,0,0.86381086292736542,0,0,-0.018143558663749306,0.018143558663749306
568,0.74288822902626883,0,0,0.86563684112507333,0,0,-0.018143558663749306,0.018143558663749306
569,5.0539422992829337,0,0,0.99939944375859635,0,0,-0.018143558663749306,0.018143558663749306
570,-4.3395357976411821,0,0,1.1425405810413447,0,0,-0.018143558663749306,0.018143558663749306
571,-3.6387908542039229,0,0,1.2436032266165862,0,0,-0.018143558663749306,0.018143558663749306
572,-1.1712727536819765,0,0,1.3105779854182322,0,0,-0.018143558663749306,0.018143558663749306
573,-3.925210804692512,0,0,1.4705033026182455,0,0,-0.018143558663749306,0.018143558663749306
574,5.2534719157666139,0,0,1.607625426268835,0,0,-0.018143558663749306,0.018143558663749306
575,4.3840135508937159,0,0,3.0251817771567766,0,0,-0.018143558663749306,0.018143558663749306
576,1.4863590463726855,0,0,-1.7122107362286512,0,0,-0.017683247406837892,0.017683247406837892
577,2.3765467301029712,0,0,-1.338377104352106,0,0,-0.017683247406837892,0.017683247406837892
578,1.9490813591867173,0,0,-1.5816995953342305,0,0,-0.017683247406837892,0.017683247406837892
579,-1.5534920814737099,0,0,-0.94044842442225418,0,0,-0.017683247406837892,0.017683247406837892
580,4.151928194629452,0,0,-0.64814551082738592,0,0,-0.017683247406837892,0.017683247406837892
581,-5.0395486732561938,0,0,-0.5817244652656528,0,0,-0.017683247406837892,0.017683247406837892
582,-1.9050468830549168,0,0,-0.34846526117146126,0,0,-0.017683247406837892,0.017683247406837892
583,0.82442656068539133,0,0,-0.35194342292077035,0,0,-0.017683247406837892,0.017683247406837892
584,2.59738685810707,0,0,-0.48236899265847438,0,0,-0.017683247406837892,0.017683247406837892
585,4.5450700443094512,0,0,-0.32585893091229495,0,0,-0.017683247406837892,0.017683247406837892
586,5.9019373257093619,0,0,-0.43526083309461827,0,0,-0.017683247406837892,0.017683247406837892
587,-3.5307419046420607,0,0,-0.12684830727541452,0,0,-0.017683247406837892,0.017683247406837892
588,-0.79635897443927028,0,0,0.065636596417140022,0,0,-0.017683247406837892,0.017683247406837892
589,1.0183665090906029,0,0,-0.13358019666444351,0,0,-0.017683247406837892,0.017683247406837892
590,3.2030491027555215,0,0,-0.14284505897283487,0,0,-0.017683247406837892,0.017683247406837892
591,5.9632311424665865,0,0,0.074256950932471255,0,0,-0.017683247406837892,0.017683247406837892
592,-4.025265665151383,0,0,0.28786896596046196,0,0,-0.017683247406837892,0.017683247406837892
593,-1.8218902818468363,0,0,0.42527221441049828,0,0,-0.017683247406837892,0.017683247406837892
594,0.53355278640938941,0,0,0.37650913651274803,0,0,-0.017683247406837892,0.017683247406837892
595,3.3696341024466925,0,0,0.44695163927958742,0,0,-0.017683247406837892,0.017683247406837892
596,5.7283132770591472,0,0,0.62947208383590658,0,0,-0.017683247406837892,0.017683247406837892
597,-4.9190232398485723,0,0,0.69494899290149925,0,0,-0.017683247406837892,0.017683247406837892
598,-2.256842175185179,0,0,0.83731053511304188,0,0,-0.017683247406837892,0.017683247406837892
599,1.1347416769626602,0,0,0.88853151127555385,0,0,-0.017683247406837892,0.017683247406837892
600,4.6840053262593511,0,0,0.96928113975789987,0,0,-0.017683247406837892,0.017683247406837892
601,-2.128161511998071,0,0,1.5253971695832653,0,0,-0.017683247406837892,0.017683247406837892
602,-2.3021071237539257,0,0,1.3311867776173694,0,0,-0.017683247406837892,0.017683247406837892
603,-1.2457853584297673,0,0,1.2029136107628391,0,0,-0.017683247406837892,0.017683247406837892
604,4.5111139310616757,0,0,1.2361822628578456,0,0,-0.017683247406837892,0.017683247406837892
605,3.3252020362755417,0,0,1.644299295962419,0,0,-0.017683247406837892,0.017683247406837892
606,-3.1226202869515816,0,0,1.7454965562537033,0,0,-0.017683247406837892,0.017683247406837892
607,1.6503073196323275,0,0,3.5777790328121442,0,0,-0.017683247406837892,0.017683247406837892
608,5.8311461151689468,0,0,-1.2448906589582227,0,0,-0.01701497904025796,0.01701497904025796
609,-0.98028776979588628,0,0,-1.9160035961227937,0,0,-0.01701497904025796,0.01701497904025796
610,-2.3307325317244492,0,0,-0.61170669466679706,0,0,-0.01701497904025796,0.01701497904025796
611,-0.4877197053302158,0,0,-0.93052852922277196,0,0,-0.01701497904025796,0.01701497904025796
612,4.605291933492726,0,0,-0.91313685371060671,0,0,-0.01701497904025796,0.01701497904025796
613,-2.9778188913107537,0,0,-0.45039241306920846,0,0,-0.01701497904025796,0.01701497904025796
614,1.0429582236796415,0,0,-0.38215616965271887,0,0,-0.01701497904025796,0.01701497904025796
615,3.5845001919427606,0,0,-0.30949860119470951,0,0,-0.01701497904025796,0.01701497904025796
616,6.2467143686185196,0,0,-0.12334232329843803,0,0,-0.01701497904025796,0.01701497904025796
617,-4.7375204778248738,0,0,-0.17046497938619565,0,0,-0.01701497904025796,0.01701497904025796
618,-2.9472383107934959,0,0,-0.12629057270468491,0,0,-0.01701497904025796,0.01701497904025796
619,-1.5320391876944068,0,0,-0.05901325613011809,0,0,-0.01701497904025796,0.01701497904025796
620,1.5643751950725386,0,0,-0.061236396054240902,0,0,-0.01701497904025796,0.01701497904025796
621,3.2184068851524419,0,0,-0.17056000676570843,0,0,-0.01701497904025796,0.01701497904025796
622,5.7526655001168123,0,0,-0.035304817381491903,0,0,-0.01701497904025796,0.01701497904025796
623,-3.9148440391293691,0,0,0.21574464297959442,0,0,-0.01701497904025796,0.01701497904025796
624,-1.5742089357698257,0,0,0.32375297402444048,0,0,-0.01701497904025796,0.01701497904025796
625,0.67977777646884352,0,0,0.28735048069793989,0,0,-0.01701497904025796,0.01701497904025796
626,3.6995106006089102,0,0,0.4696145447189104,0,0,-0.01701497904025796,0.01701497904025796
627,6.1254301844135188,0,0,0.47569265631426916,0,0,-0.01701497904025796,0.01701497904025796
628,-3.2212839387372498,0,0,0.83882216397927978,0,0,-0.01701497904025796,0.01701497904025796
629,-2.0625491356450993,0,0,0.78556378309301089,0,0,-0.01701497904025796,0.01701497904025796
630,0.40339794438586907,0,0,0.77154718313527093,0,0,-0.01701497904025796,0.01701497904025796
631,3.8192594742784092,0,0,0.82909006384516948,0,0,-0.01701497904025796,0.01701497904025796
632,-2.5391038095625906,0,0,1.4422777689664019,0,0,-0.01701497904025796,0.01701497904025796
633,-1.3188703040151548,0,0,1.4298874839386893,0,0,-0.01701497904025796,0.01701497904025796
634,-0.44821314082478114,0,0,1.0925239194525735,0,0,-0.01701497904025796,0.01701497904025796
635,4.5358118141557302,0,0,1.2201225326641865,0,0,-0.01701497904025796,0.01701497904025796
636,2.5906109696401174,0,0,2.0478172322985428,0,0,-0.01701497904025796,0.01701497904025796
637,5.8877101704217747,0,0,1.6314857122044453,0,0,-0.01701497904025796,0.01701497904025796
638,-5.4393024744591498,0,0,2.8880802875430844,0,0,-0.01701497904025796,0.01701497904025796
639,3.6615397236025924,0,0,3.4433687099541204,0,0,-0.01701497904025796,0.01701497904025796
640,-6.1240725873936928,0,0,-1.326216080717791,0,0,-0.016164434742567964,0.016164434742567964
641,-1.8023356399705133,0,0,-1.9564314812201355,0,0,-0.016164434742567964,0.016164434742567964
642,0.22348868894677665,0,0,-0.88254528664000165,0,0,-0.016164434742567964,0.016164434742567964
643,3.6783522022986279,0,0,-0.76294954501465384,0,0,-0.016164434742567964,0.016164434742567964
644,5.5001253787943423,0,0,-0.83239519892820446,0,0,-0.016164434742567964,0.016164434742567964
645,-2.9880614882620078,0,0,-0.62775212324636798,0,0,-0.016164434742567964,0.016164434742567964
646,1.7690941193492673,0,0,-0.47393080527631454,0,0,-0.016164434742567964,0.016164434742567964
647,5.5676112041723123,0,0,-0.26180193592260892,0,0,-0.016164434742567964,0.016164434742567964
648,-4.1461328905195591,0,0,-0.065341591036704519,0,0,-0.016164434742567964,0.016164434742567964
649,-2.0090632294055037,0,0,-0.065650251980294852,0,0,-0.016164434742567964,0.016164434742567964
650,0.52054789259363066,0,0,-0.11533144722706422,0,0,-0.016164434742567964,0.016164434742567964
651,2.4770116674084228,0,0,0.033921219085216274,0,0,-0.016164434742567964,0.016164434742567964
652,3.3076859239999088,0,0,-0.14830924676545301,0,0,-0.016164434742567964,0.016164434742567964
653,6.1015299778535983,0,0,-0.0016914513971083812,0,0,-0.016164434742567964,0.016164434742567964
654,-3.7113132821320503,0,0,0.22838933884894436,0,0,-0.016164434742567964,0.016164434742567964
655,-1.5570262462029376,0,0,0.29508651467728858,0,0,-0.016164434742567964,0.016164434742567964
656,0.58694081727541381,0,0,0.25628963186665493,0,0,-0.016164434742567964,0.016164434742567964
657,3.6069348924239772,0,0,0.41983048665569722,0,0,-0.016164434742567964,0.016164434742567964
658,6.0989561824718592,0,0,0.44518176817158267,0,0,-0.016164434742567964,0.016164434742567964
659,-3.936011264561432,0,0,0.67004885231828248,0,0,-0.016164434742567964,0.016164434742567964
660,-1.6691902010523627,0,0,0.81084426732042925,0,0,-0.016164434742567964,0.016164434742567964
661,0.60411332302406162,0,0,0.72100457476760449,0,0,-0.016164434742567964,0.016164434742567964
662,2.8184912998449949,0,0,0.66260860153702794,0,0,-0.016164434742567964,0.016164434742567964
663,-5.2663439511388637,0,0,1.0235556415052791,0,0,-0.016164434742567964,0.016164434742567964
664,-1.6881368661690797,0,0,1.3650740187515518,0,0,-0.016164434742567964,0.016164434742567964
665,3.5703422961391453,0,0,1.2717368652951915,0,0,-0.016164434742567964,0.016164434742567964
666,4.3384687987916273,0,0,1.0582076428187037,0,0,-0.016164434742567964,0.016164434742567964
667,-4.450701951051883,0,0,1.2801246723957698,0,0,-0.016164434742567964,0.016164434742567964
668,-6.200122525203664,0,0,1.7029751018738837,0,0,-0.016164434742567964,0.016164434742567964
669,1.8437913144504918,0,0,2.1864029039574495,0,0,-0.016164434742567964,0.016164434742567964
670,-0.21598592860723631,0,0,2.8585247956541093,0,0,-0.016164434742567964,0.016164434742567964
671,-6.1980123136137308,0,0,3.3935072644796769,0,0,-0.016164434742567964,0.016164434742567964
672,-3.395616602394246,0,0,-1.2525992614363899,0,0,-0.015164300454137388,0.015164300454137388
673,-0.48351942884606292,0,0,-1.9562368058420221,0,0,-0.015164300454137388,0.015164300454137388
674,-1.8275537171669747,0,0,-1.047408319659199,0,0,-0.015164300454137388,0.015164300454137388
675,6.0508972009349122,0,0,-0.63559219296861358,0,0,-0.015164300454137388,0.015164300454137388
676,-2.4112406753812934,0,0,-0.3934983628705816,0,0,-0.015164300454137388,0.015164300454137388
677,-0.80992808440714903,0,0,-0.42241804307322883,0,0,-0.015164300454137388,0.015164300454137388
678,2.5239931622299601,0,0,-0.55655644115433578,0,0,-0.015164300454137388,0.015164300454137388
679,6.2374667211681327,0,0,-0.3440937816254318,0,0,-0.015164300454137388,0.015164300454137388
680,-2.8455564576971142,0,0,-0.12344066317939432,0,0,-0.015164300454137388,0.015164300454137388
681,0.36940139277469886,0,0,-0.12830418350460104,0,0,-0.015164300454137388,0.015164300454137388
682,3.1204224084325958,0,0,-0.0042132602894938091,0,0,-0.015164300454137388,0.015164300454137388
683,6.0801884645768176,0,0,0.22064665414775295,0,0,-0.015164300454137388,0.015164300454137388
684,-4.6193183257927917,0,0,0.27359625306889074,0,0,-0.015164300454137388,0.015164300454137388
685,-3.0243123086263157,0,0,0.32994170939195372,0,0,-0.015164300454137388,0.015164300454137388
686,-0.36637789271145049,0,0,0.38049085834993523,0,0,-0.015164300454137388,0.015164300454137388
687,2.4510089079756305,0,0,0.35401565505203014,0,0,-0.015164300454137388,0.015164300454137388
688,5.2241327947584963,0,0,0.59488039074167609,0,0,-0.015164300454137388,0.015164300454137388
689,-5.9962705774804208,0,0,0.54986943109034669,0,0,-0.015164300454137388,0.015164300454137388
690,-3.0719409444534294,0,0,0.78266041235882267,0,0,-0.015164300454137388,0.015164300454137388
691,-0.9202108794591668,0,0,0.83475758180511861,0,0,-0.015164300454137388,0.015164300454137388
692,0.97395460767504716,0,0,0.67516362484485182,0,0,-0.015164300454137388,0.015164300454137388
693,5.3121559388376092,0,0,0.89919735306636384,0,0,-0.015164300454137388,0.015164300454137388
694,-3.397770581393373,0,0,1.3202351811740936,0,0,-0.015164300454137388,0.015164300454137388
695,-0.41342893738156405,0,0,1.5364769184485003,0,0,-0.015164300454137388,0.015164300454137388
696,4.4937234888637185,0,0,1.3623981142528698,0,0,-0.015164300454137388,0.015164300454137388
697,-4.8643981192174257,0,0,1.37029903524684,0,0,-0.015164300454137388,0.015164300454137388
698,-5.733161825434423,0,0,1.1527926132891073,0,0,-0.015164300454137388,0.015164300454137388
699,2.9320610046550204,0,0,1.4005293356380122,0,0,-0.015164300454137388,0.015164300454137388
700,-4.599014485636653,0,0,1.6418552984100507,0,0,-0.015164300454137388,0.015164300454137388
701,4.6332064002874827,0,0,2.7114168573568924,0,0,-0.015164300454137388,0.015164300454137388
702,5.396246494546121,0,0,3.0790661271776045,0,0,-0.015164300454137388,0.015164300454137388
703,0.11845410042013604,0,0,3.8771370604366067,0,0,-0.015164300454137388,0.015164300454137388
704,-0.40787398508658068,0,0,-1.081777976408018,0,0,-0.014053010774788847,0.014053010774788847
705,3.8295928501814025,0,0,-1.2890820973024208,0,0,-0.014053010774788847,0.014053010774788847
706,-1.2309358608972776,0,0,-0.98877897355987066,0,0,-0.014053010774788847,0.014053010774788847
707,4.3069801461886819,0,0,-1.0398186617190361,0,0,-0.014053010774788847,0.014053010774788847
708,-1.1345242900943324,0,0,-0.36127075630989008,0,0,-0.014053010774788847,0.014053010774788847
709,2.4725394553594651,0,0,-0.54072330744138064,0,0,-0.014053010774788847,0.014053010774788847
710,5.7355696229572537,0,0,-0.295530480537953,0,0,-0.014053010774788847,0.014053010774788847
711,-4.5531182428023964,0,0,-0.19034520976313832,0,0,-0.014053010774788847,0.014053010774788847
712,-2.4549160088113635,0,0,-0.20537567589352648,0,0,-0.014053010774788847,0.014053010774788847
713,0.86650540242147667,0,0,-0.17083898542368608,0,0,-0.014053010774788847,0.014053010774788847
714,5.265062450596492,0,0,0.1781363489998134,0,0,-0.014053010774788847,0.014053010774788847
715,-5.894496469868697,0,0,0.17256381713419283,0,0,-0.014053010774788847,0.014053010774788847
716,-2.2549464410812003,0,0,0.48697021908697635,0,0,-0.014053010774788847,0.014053010774788847
717,-0.37303251515667313,0,0,0.37616163151208215,0,0,-0.014053010774788847,0.014053010774788847
718,2.4775315424489186,0,0,0.35477208069464827,0,0,-0.014053010774788847,0.014053010774788847
719,4.8970821781762197,0,0,0.52816612262527063,0,0,-0.014053010774788847,0.014053010774788847
720,-6.2492530318647894,0,0,0.46303468271829273,0,0,-0.014053010774788847,0.014053010774788847
721,-2.9609033970558296,0,0,0.78146929800673515,0,0,-0.014053010774788847,0.014053010774788847
722,0.21238372510114356,0,0,0.83130219029540275,0,0,-0.014053010774788847,0.014053010774788847
723,1.1751048058771101,0,0,0.55748301006137579,0,0,-0.014053010774788847,0.014053010774788847
724,-5.6582203903768109,0,0,1.0940543273295706,0,0,-0.014053010774788847,0.014053010774788847
725,-3.9127742569958315,0,0,1.1971129389024859,0,0,-0.014053010774788847,0.014053010774788847
726,-0.47515782183598709,0,0,1.522158321608559,0,0,-0.014053010774788847,0.014053010774788847
727,3.3220116300864362,0,0,1.2365126311839003,0,0,-0.014053010774788847,0.014053010774788847
728,5.0672495450179298,0,0,1.1751240560650502,0,0,-0.014053010774788847,0.014053010774788847
729,5.8486433488540435,0,0,1.1059855108030019,0,0,-0.014053010774788847,0.014053010774788847
730,2.8555536754396655,0,0,1.5680191555061576,0,0,-0.014053010774788847,0.014053010774788847
731,-5.6579663270127218,0,0,1.7548101298793437,0,0,-0.014053010774788847,0.014053010774788847
732,5.6575679284558387,0,0,2.1621645764568549,0,0,-0.014053010774788847,0.014053010774788847
733,-3.0575782303682226,0,0,2.8183379749862238,0,0,-0.014053010774788847,0.014053010774788847
734,-5.3135644875280397,0,0,3.0992974834770441,0,0,-0.014053010774788847,0.014053010774788847
735,1.4951346609096934,0,0,4.0406182502388335,0,0,-0.014053010774788847,0.014053010774788847
736,-0.093203067656268956,0,0,-1.2908994869398509,0,0,-0.012873271943681276,0.012873271943681276
737,-4.5869855643747819,0,0,-0.98483552253491713,0,0,-0.012873271943681276,0.012873271943681276
738,1.33156333062841,0,0,-1.0160967266982452,0,0,-0.012873271943681276,0.012873271943681276
739,5.1907610836204832,0,0,-0.90567939443353174,0,0,-0.012873271943681276,0.012873271943681276
740,-2.5530002560152303,0,0,-0.57817219521280183,0,0,-0.012873271943681276,0.012873271943681276
741,2.4833732421002157,0,0,-0.5722990209498896,0,0,-0.012873271943681276,0.012873271943681276
742,-6.256697771699522,0,0,-0.32589989678309689,0,0,-0.012873271943681276,0.012873271943681276
743,-3.0498610570609062,0,0,-0.16234064890256808,0,0,-0.012873271943681276,0.012873271943681276
744,-0.27363376210817236,0,0,-0.11810050998837876,0,0,-0.012873271943681276,0.012873271943681276
745,2.6340497245221961,0,0,-0.095565412415026946,0,0,-0.012873271943681276,0.012873271943681276
746,5.370239116991705,0,0,0.072044035264679812,0,0,-0.012873271943681276,0.012873271943681276
747,-4.6179301637863803,0,0,0.09366539445078384,0,0,-0.012873271943681276,0.012873271943681276
748,-1.9070568670165544,0,0,0.29398474484187087,0,0,-0.012873271943681276,0.012873271943681276
749,0.88327693981814726,0,0,0.22621960649806896,0,0,-0.012873271943681276,0.012873271943681276
750,3.6011390918659707,0,0,0.40249003234198055,0,0,-0.012873271943681276,0.012873271943681276
751,5.889813722456962,0,0,0.41284994655367901,0,0,-0.012873271943681276,0.012873271943681276
752,-3.9816067782270763,0,0,0.65145335015447758,0,0,-0.012873271943681276,0.012873271943681276
753,-1.3192977791063871,0,0,0.8199328179891987,0,0,-0.012873271943681276,0.012873271943681276
754,0.55557603452068616,0,0,0.70717633452798501,0,0,-0.012873271943681276,0.012873271943681276
755,4.9826534174785948,0,0,0.89412611877335169,0,0,-0.012873271943681276,0.012873271943681276
756,-4.2578405155003374,0,0,1.1283069229630143,0,0,-0.012873271943681276,0.012873271943681276
757,-1.9891221358450357,0,0,1.3226753734694741,0,0,-0.012873271943681276,0.012873271943681276
758,-1.3456421562730263,0,0,1.1406326402591507,0,0,-0.012873271943681276,0.012873271943681276
759,4.2996401618103093,0,0,1.2314312551284829,0,0,-0.012873271943681276,0.012873271943681276
760,-5.9185004285148741,0,0,1.1917257825537946,0,0,-0.012873271943681276,0.012873271943681276
761,3.0945687618074125,0,0,1.7706592879654999,0,0,-0.012873271943681276,0.012873271943681276
762,3.9330276221694103,0,0,1.4136979865275303,0,0,-0.012873271943681276,0.012873271943681276
763,-4.1044912846206634,0,0,1.6277559306555678,0,0,-0.012873271943681276,0.012873271943681276
764,-4.3992301913374225,0,0,2.0514668690881579,0,0,-0.012873271943681276,0.012873271943681276
765,-2.2938816214951845,0,0,2.6867217578035776,0,0,-0.012873271943681276,0.012873271943681276
766,-1.8368980494962592,0,0,3.3750446924406621,0,0,-0.012873271943681276,0.012873271943681276
767,-4.4145209033263137,0,0,3.5118124964893731,0,0,-0.012873271943681276,0.012873271943681276
768,0.95117845069415985,0,0,-1.5309433018654945,0,0,-0.011670420662488985,0.011670420662488985
769,-1.7713116416705743,0,0,-0.62324836613160628,0,0,-0.011670420662488985,0.011670420662488985
770,3.8214137548022524,0,0,-0.75186403019636527,0,0,-0.011670420662488985,0.011670420662488985
771,-5.7514638524175892,0,0,-0.7594825748883447,0,0,-0.011670420662488985,0.011670420662488985
772,-0.39673163276068291,0,0,-0.44832294884537305,0,0,-0.011670420662488985,0.011670420662488985
773,3.6219688632788376,0,0,-0.47035997416493391,0,0,-0.011670420662488985,0.011670420662488985
774,-5.4829166445416071,0,0,-0.24385552963120263,0,0,-0.011670420662488985,0.011670420662488985
775,-3.5441211334261133,0,0,-0.26297563399347529,0,0,-0.011670420662488985,0.011670420662488985
776,-0.24999935485150893,0,0,-0.20305921007175179,0,0,-0.011670420662488985,0.011670420662488985
777,3.6137507545217087,0,0,-0.10058522220596137,0,0,-0.011670420662488985,0.011670420662488985
778,-5.9297496128118654,0,0,0.15476270683787308,0,0,-0.011670420662488985,0.011670420662488985
779,-4.1456069602212642,0,0,0.1087103728695286,0,0,-0.011670420662488985,0.011670420662488985
780,-1.3566896437088047,0,0,0.26792946692526548,0,0,-0.011670420662488985,0.011670420662488985
781,1.391969299417875,0,0,0.20332252155142291,0,0,-0.011670420662488985,0.011670420662488985
782,4.3383857061328328,0,0,0.41112720403957387,0,0,-0.011670420662488985,0.011670420662488985
783,6.0512178710557798,0,0,0.36868481468064923,0,0,-0.011670420662488985,0.011670420662488985
784,-3.7458288874787491,0,0,0.63718209603130493,0,0,-0.011670420662488985,0.011670420662488985
785,-1.0993534729825249,0,0,0.79032197987861508,0,0,-0.011670420662488985,0.011670420662488985
786,0.72135059964474202,0,0,0.61300155136650314,0,0,-0.011670420662488985,0.011670420662488985
787,5.0842607597613494,0,0,0.85704070320719694,0,0,-0.011670420662488985,0.011670420662488985
788,5.9997360898892076,0,0,0.81242413848748063,0,0,-0.011670420662488985,0.011670420662488985
789,-1.8726130048040144,0,0,1.2818312193851413,0,0,-0.011670420662488985,0.011670420662488985
790,0.14028015763328394,0,0,1.0152408849966366,0,0,-0.011670420662488985,0.011670420662488985
791,3.6752111951686111,0,0,0.91293979912893364,0,0,-0.011670420662488985,0.011670420662488985
792,0.15111023177971106,0,0,1.9683025968943226,0,0,-0.011670420662488985,0.011670420662488985
793,2.2422599369750547,0,0,1.4370587832709873,0,0,-0.011670420662488985,0.011670420662488985
794,2.9459291590678625,0,0,1.2726162092401017,0,0,-0.011670420662488985,0.011670420662488985
795,-2.0340775610330537,0,0,1.8011682534873885,0,0,-0.011670420662488985,0.011670420662488985
796,-5.6044565618609123,0,0,2.857960203144585,0,0,-0.011670420662488985,0.011670420662488985
797,0.80795961025976482,0,0,3.0114347820272496,0,0,-0.011670420662488985,0.011670420662488985
798,-4.0782589166187577,0,0,3.1891993216123997,0,0,-0.011670420662488985,0.011670420662488985
799,2.2558827336196394,0,0,3.3643770915362619,0,0,-0.011670420662488985,0.011670420662488985
800,1.462242314747721,0,0,-1.4700016367868771,0,0,-0.010490681831381415,0.010490681831381415
801,-1.888735767041144,0,0,-0.82364833637281809,0,0,-0.010490681831381415,0.010490681831381415
802,4.2006457587449191,0,0,-0.7629360050223275,0,0,-0.010490681831381415,0.010490681831381415
803,-2.7215557449075956,0,0,-0.45664758939892974,0,0,-0.010490681831381415,0.010490681831381415
804,1.4450684133565606,0,0,-0.51959656228128104,0,0,-0.010490681831381415,0.010490681831381415
805,5.1054447092643009,0,0,-0.31818479255513654,0,0,-0.010490681831381415,0.010490681831381415
806,-4.3188924861822011,0,0,-0.17847080335053631,0,0,-0.010490681831381415,0.010490681831381415
807,-0.43026765176819115,0,0,0.067917849797085289,0,0,-0.010490681831381415,0.010490681831381415
808,2.5958535239011304,0,0,0.026367937769122829,0,0,-0.010490681831381415,0.010490681831381415
809,4.8885704367489318,0,0,0.14395371953361563,0,0,-0.010490681831381415,0.010490681831381415
810,-4.8150770036308712,0,0,0.23454577222256226,0,0,-0.010490681831381415,0.010490681831381415
811,-2.7238755155013052,0,0,0.38855088766873908,0,0,-0.010490681831381415,0.010490681831381415
812,-0.15612006705836645,0,0,0.35816952916258554,0,0,-0.010490681831381415,0.010490681831381415
813,2.7444497782546371,0,0,0.34498255509530468,0,0,-0.010490681831381415,0.010490681831381415
814,5.4224024327056828,0,0,0.53168808078372687,0,0,-0.010490681831381415,0.010490681831381415
815,-4.8964389887337862,0,0,0.59371563502609837,0,0,-0.010490681831381415,0.010490681831381415
816,-2.6314302816798993,0,0,0.64830288198723718,0,0,-0.010490681831381415,0.010490681831381415
817,-0.27290584400214879,0,0,0.76974949635302803,0,0,-0.010490681831381415,0.010490681831381415
818,1.459278369005462,0,0,0.4384815396492931,0,0,-0.010490681831381415,0.010490681831381415
819,-5.8591262572076364,0,0,1.0002111080150002,0,0,-0.010490681831381415,0.010490681831381415
820,-2.8160725194202652,0,0,1.2792700111840634,0,0,-0.010490681831381415,0.010490681831381415
821,-1.622096118190445,0,0,1.2341624755809864,0,0,-0.010490681831381415,0.010490681831381415
822,1.6149549408191843,0,0,1.0521829448082283,0,0,-0.010490681831381415,0.010490681831381415
823,5.5151467286901106,0,0,1.2011889953124482,0,0,-0.010490681831381415,0.010490681831381415
824,2.5306294399996343,0,0,2.0377692393923055,0,0,-0.010490681831381415,0.010490681831381415
825,3.3254730774081835,0,0,1.3995742436921743,0,0,-0.010490681831381415,0.010490681831381415
826,-5.1612634628019354,0,0,1.8109400916420442,0,0,-0.010490681831381415,0.010490681831381415
827,0.57446079280151441,0,0,2.1119839000835712,0,0,-0.010490681831381415,0.010490681831381415
828,5.2798395703534116,0,0,2.774770510757667,0,0,-0.010490681831381415,0.010490681831381415
829,-2.6228102192103573,0,0,2.6443609364549632,0,0,-0.010490681831381415,0.010490681831381415
830,4.2468656847333506,0,0,2.9446771761651016,0,0,-0.010490681831381415,0.010490681831381415
831,-0.51235848939873119,0,0,3.3373168751530038,0,0,-0.010490681831381415,0.010490681831381415
832,1.2085796448920405,0,0,-1.507072043592125,0,0,-0.0093793921520328727,0.0093793921520328727
833,-1.793927055019422,0,0,-0.70186856380384255,0,0,-0.0093793921520328727,0.0093793921520328727
834,4.1512440934711368,0,0,-0.74401919099301161,0,0,-0.0093793921520328727,0.0093793921520328727
835,-3.167592147329565,0,0,-0.48393778293792022,0,0,-0.0093793921520328727,0.0093793921520328727
836,0.56691512592749316,0,0,-0.58295011732681257,0,0,-0.0093793921520328727,0.0093793921520328727
837,5.2477094786931993,0,0,-0.32600481396210101,0,0,-0.0093793921520328727,0.0093793921520328727
838,-4.8102090446737895,0,0,-0.25042710843262161,0,0,-0.0093793921520328727,0.0093793921520328727
839,-1.0987766345566712,0,0,0.0090190325482625289,0,0,-0.0093793921520328727,0.0093793921520328727
840,2.1833620943405361,0,0,-0.0038808676835049866,0,0,-0.0093793921520328727,0.0093793921520328727
841,3.9015035647123835,0,0,-0.071980009680994286,0,0,-0.0093793921520328727,0.0093793921520328727
842,-5.0267796138141243,0,0,0.2360855768359848,0,0,-0.0093793921520328727,0.0093793921520328727
843,-3.2303813860369401,0,0,0.2542711094230049,0,0,-0.0093793921520328727,0.0093793921520328727
844,-0.77653039246705902,0,0,0.28310371030566234,0,0,-0.0093793921520328727,0.0093793921520328727
845,2.3379095448920619,0,0,0.28971512804149679,0,0,-0.0093793921520328727,0.0093793921520328727
846,5.0523208247965226,0,0,0.53602096824659751,0,0,-0.0093793921520328727,0.0093793921520328727
847,-5.3563442078311487,0,0,0.63063481089947571,0,0,-0.0093793921520328727,0.0093793921520328727
848,-3.0703208250493286,0,0,0.68666168388627324,0,0,-0.0093793921520328727,0.0093793921520328727
849,-0.16857284979073306,0,0,0.76651573651629401,0,0,-0.0093793921520328727,0.0093793921520328727
850,2.342654807873588,0,0,0.57102302778038461,0,0,-0.0093793921520328727,0.0093793921520328727
851,5.7258744590825508,0,0,0.87831944961856701,0,0,-0.0093793921520328727,0.0093793921520328727
852,-4.0539264352400401,0,0,1.1343767870008439,0,0,-0.0093793921520328727,0.0093793921520328727
853,-1.9391321737591971,0,0,1.2118221495342505,0,0,-0.0093793921520328727,0.0093793921520328727
854,-0.4903749350124107,0,0,1.0560238245475451,0,0,-0.0093793921520328727,0.0093793921520328727
855,4.7096293483470966,0,0,1.1202306995567293,0,0,-0.0093793921520328727,0.0093793921520328727
856,-0.31094612477073902,0,0,1.902336417179249,0,0,-0.0093793921520328727,0.0093793921520328727
857,2.0953325707478534,0,0,1.3646373015663784,0,0,-0.0093793921520328727,0.0093793921520328727
858,3.2660669145025736,0,0,1.299538893761419,0,0,-0.0093793921520328727,0.0093793921520328727
859,-3.9189846600829359,0,0,1.5776388792472322,0,0,-0.0093793921520328727,0.0093793921520328727
860,-3.057133046595871,0,0,2.1813736661379957,0,0,-0.0093793921520328727,0.0093793921520328727
861,-4.154764274032714,0,0,2.7302690317881613,0,0,-0.0093793921520328727,0.0093793921520328727
862,1.5239595699850739,0,0,3.0126078087801478,0,0,-0.0093793921520328727,0.0093793921520328727
863,-3.4879015318298867,0,0,3.1977390013389098,0,0,-0.0093793921520328727,0.0093793921520328727
864,-0.27815771640934805,0,0,-1.2683149390522206,0,0,-0.0083792578636022949,0.0083792578636022949
865,5.3593358095031718,0,0,-1.2006347816725098,0,0,-0.0083792578636022949,0.0083792578636022949
866,-0.67596715462375201,0,0,-0.96706304794589237,0,0,-0.0083792578636022949,0.0083792578636022949
867,4.6676619125916528,0,0,-0.99195692047914097,0,0,-0.0083792578636022949,0.0083792578636022949
868,-4.1666682618449418,0,0,-0.80148250308538682,0,0,-0.0083792578636022949,0.0083792578636022949
869,1.1674935437009841,0,0,-0.70793372049910563,0,0,-0.0083792578636022949,0.0083792578636022949
870,5.0156477383752147,0,0,-0.49048508417560255,0,0,-0.0083792578636022949,0.0083792578636022949
871,-4.0705465801243239,0,0,-0.28437094391037515,0,0,-0.0083792578636022949,0.0083792578636022949
872,-0.97675976727052394,0,0,-0.078929005268791819,0,0,-0.0083792578636022949,0.0083792578636022949
873,2.3320945489356557,0,0,-0.16453760130771827,0,0,-0.0083792578636022949,0.0083792578636022949
874,5.0651083328294604,0,0,0.032517967473880485,0,0,-0.0083792578636022949,0.0083792578636022949
875,-4.9837818830637728,0,0,0.088843432577375703,0,0,-0.0083792578636022949,0.0083792578636022949
876,-2.2737974062563966,0,0,0.29327685382483992,0,0,-0.0083792578636022949,0.0083792578636022949
877,-0.17575902491515194,0,0,0.27582140270494088,0,0,-0.0083792578636022949,0.0083792578636022949
878,2.8717957423526421,0,0,0.29246617510719025,0,0,-0.0083792578636022949,0.0083792578636022949
879,5.1399465963634015,0,0,0.40314602967768898,0,0,-0.0083792578636022949,0.0083792578636022949
880,-4.3067074536216827,0,0,0.55803428931498755,0,0,-0.0083792578636022949,0.0083792578636022949
881,-2.450168865908311,0,0,0.64257225423439501,0,0,-0.0083792578636022949,0.0083792578636022949
882,0.24708999413254329,0,0,0.67091972722404059,0,0,-0.0083792578636022949,0.0083792578636022949
883,3.2306808518286658,0,0,0.69967941710181514,0,0,-0.0083792578636022949,0.0083792578636022949
884,5.3048253312104698,0,0,0.75868484595721253,0,0,-0.0083792578636022949,0.0083792578636022949
885,-2.6226593222321317,0,0,1.1595867211891735,0,0,-0.0083792578636022949,0.0083792578636022949
886,-1.6259966751594046,0,0,1.0440436112448113,0,0,-0.0083792578636022949,0.0083792578636022949
887,3.8382367324905839,0,0,1.0581526775011045,0,0,-0.0083792578636022949,0.0083792578636022949
888,5.3400381627612177,0,0,1.0928096291708898,0,0,-0.0083792578636022949,0.0083792578636022949
889,2.8712594346721954,0,0,1.7243870264550927,0,0,-0.0083792578636022949,0.0083792578636022949
890,2.1357695300670123,0,0,1.2684860107814349,0,0,-0.0083792578636022949,0.0083792578636022949
891,-5.5980174368636755,0,0,1.7194082311572756,0,0,-0.0083792578636022949,0.0083792578636022949
892,5.2488703587724146,0,0,2.106939831817543,0,0,-0.0083792578636022949,0.0083792578636022949
893,-3.8900041224579698,0,0,2.9246157172172405,0,0,-0.0083792578636022949,0.0083792578636022949
894,-0.052459367843765037,0,0,2.8742656047906534,0,0,-0.0083792578636022949,0.0083792578636022949
895,5.2137969225042191,0,0,3.0043686921215396,0,0,-0.0083792578636022949,0.0083792578636022949
896,6.0220069749906227,0,0,-1.6261885474560833,0,0,-0.0075287135659122999,0.0075287135659122999
897,-2.3928153800339804,0,0,-1.6177939995932356,0,0,-0.0075287135659122999,0.0075287135659122999
898,-2.9628093294758151,0,0,-0.93900345449194778,0,0,-0.0075287135659122999,0.0075287135659122999
899,3.1700718007958653,0,0,-0.97763149076938582,0,0,-0.0075287135659122999,0.0075287135659122999
900,-4.1747557830493545,0,0,-0.68708173563431318,0,0,-0.0075287135659122999,0.0075287135659122999
901,0.48029654721827786,0,0,-0.61607556451526491,0,0,-0.0075287135659122999,0.0075287135659122999
902,4.1031804815150998,0,0,-0.46178099070933831,0,0,-0.0075287135659122999,0.0075287135659122999
903,-5.1505636796387018,0,0,-0.31001417631588618,0,0,-0.0075287135659122999,0.0075287135659122999
904,-1.1361457285421412,0,0,-0.0015750370356500075,0,0,-0.0075287135659122999,0.0075287135659122999
905,0.88828753079973666,0,0,-0.18113797017413041,0,0,-0.0075287135659122999,0.0075287135659122999
906,4.3391191835958125,0,0,0.031179588590126241,0,0,-0.0075287135659122999,0.0075287135659122999
907,-5.2506133399396466,0,0,0.22824049567747548,0,0,-0.0075287135659122999,0.0075287135659122999
908,-3.246433101178654,0,0,0.24407922326605022,0,0,-0.0075287135659122999,0.0075287135659122999
909,-1.3059117765915795,0,0,0.24822180373913025,0,0,-0.0075287135659122999,0.0075287135659122999
910,1.4695072718371911,0,0,0.19801309688261257,0,0,-0.0075287135659122999,0.0075287135659122999
911,4.5480203067392964,0,0,0.42991365361660971,0,0,-0.0075287135659122999,0.0075287135659122999
912,-6.2657040720194743,0,0,0.42289688067122927,0,0,-0.0075287135659122999,0.0075287135659122999
913,-3.8587856744218847,0,0,0.59025980077494955,0,0,-0.0075287135659122999,0.0075287135659122999
914,-1.3201101110435491,0,0,0.75478392359175084,0,0,-0.0075287135659122999,0.0075287135659122999
915,0.66661475585620966,0,0,0.54637489509238701,0,0,-0.0075287135659122999,0.0075287135659122999
916,5.6991979107227451,0,0,0.87425053653872431,0,0,-0.0075287135659122999,0.0075287135659122999
917,-5.8955323749769049,0,0,0.83056068527807414,0,0,-0.0075287135659122999,0.0075287135659122999
918,-3.0182039171215114,0,0,1.0428681910412141,0,0,-0.0075287135659122999,0.0075287135659122999
919,-1.0584020992012082,0,0,1.0666310603033944,0,0,-0.0075287135659122999,0.0075287135659122999
920,4.4357380286961501,0,0,1.0687253675992054,0,0,-0.0075287135659122999,0.0075287135659122999
921,-3.0665270464404104,0,0,1.4476792014806785,0,0,-0.0075287135659122999,0.0075287135659122999
922,2.2547309623404637,0,0,1.3595673956422643,0,0,-0.0075287135659122999,0.0075287135659122999
923,3.0971331099459114,0,0,1.2785355813528592,0,0,-0.0075287135659122999,0.0075287135659122999
924,-3.4783431934421789,0,0,1.6559019813780533,0,0,-0.0075287135659122999,0.0075287135659122999
925,0.35804561383300992,0,0,2.6645821325173324,0,0,-0.0075287135659122999,0.0075287135659122999
926,-4.0698876185623964,0,0,2.7242957453097278,0,0,-0.0075287135659122999,0.0075287135659122999
927,0.43736976969789598,0,0,2.8696998590804417,0,0,-0.0075287135659122999,0.0075287135659122999
928,1.5435429602568425,0,0,-1.8205315217434648,0,0,-0.0068604451993323681,0.0068604451993323681
929,-1.1098909957991117,0,0,-1.373571336217698,0,0,-0.0068604451993323681,0.0068604451993323681
930,-2.2186626708259922,0,0,-0.70164670808126006,0,0,-0.0068604451993323681,0.0068604451993323681
931,3.3866217797195848,0,0,-0.87224760426119863,0,0,-0.0068604451993323681,0.0068604451993323681
932,5.9586489065796648,0,0,-0.79706606442262862,0,0,-0.0068604451993323681,0.0068604451993323681
933,-4.1132326040364635,0,0,-0.80401611408793561,0,0,-0.0068604451993323681,0.0068604451993323681
934,0.83484826875054718,0,0,-0.67217450262828882,0,0,-0.0068604451993323681,0.0068604451993323681
935,3.9865475531303805,0,0,-0.53500612046904683,0,0,-0.0068604451993323681,0.0068604451993323681
936,-4.6166026697449452,0,0,-0.28134808468367639,0,0,-0.0068604451993323681,0.0068604451993323681
937,-0.79179643621214968,0,0,0.037723886887038642,0,0,-0.0068604451993323681,0.0068604451993323681
938,2.2035955180565825,0,0,-0.031115065341058509,0,0,-0.0068604451993323681,0.0068604451993323681
939,4.4241092656895304,0,0,0.042733114512508573,0,0,-0.0068604451993323681,0.0068604451993323681
940,-5.415289640570176,0,0,0.20654357186873706,0,0,-0.0068604451993323681,0.0068604451993323681
941,-3.1642334856989796,0,0,0.26242668766139238,0,0,-0.0068604451993323681,0.0068604451993323681
942,-1.3391867671416282,0,0,0.2415443749281623,0,0,-0.0068604451993323681,0.0068604451993323681
943,1.2327856970905851,0,0,0.15511933163069722,0,0,-0.0068604451993323681,0.0068604451993323681
944,4.7078912779070965,0,0,0.45952536410256395,0,0,-0.0068604451993323681,0.0068604451993323681
945,-6.154683651380946,0,0,0.45672637829453783,0,0,-0.0068604451993323681,0.0068604451993323681
946,-3.5957078577972217,0,0,0.6344029213922795,0,0,-0.0068604451993323681,0.0068604451993323681
947,-1.3318124662204767,0,0,0.75049605524214202,0,0,-0.0068604451993323681,0.0068604451993323681
948,1.4299116853556608,0,0,0.42838336559348672,0,0,-0.0068604451993323681,0.0068604451993323681
949,-6.1907606928847088,0,0,0.93868770756233944,0,0,-0.0068604451993323681,0.0068604451993323681
950,-3.4553250912223725,0,0,1.2509520952328539,0,0,-0.0068604451993323681,0.0068604451993323681
951,-2.4785786734419499,0,0,1.1239412813372098,0,0,-0.0068604451993323681,0.0068604451993323681
952,-0.15817003178610456,0,0,1.0156626185563116,0,0,-0.0068604451993323681,0.0068604451993323681
953,5.0418416584245414,0,0,1.1470251393259578,0,0,-0.0068604451993323681,0.0068604451993323681
954,-0.76717304070303705,0,0,1.8242238029607423,0,0,-0.0068604451993323681,0.0068604451993323681
955,2.430958674181781,0,0,1.3420785393851689,0,0,-0.0068604451993323681,0.0068604451993323681
956,4.1541879084344906,0,0,1.3989023208981863,0,0,-0.0068604451993323681,0.0068604451993323681
957,3.0831894012535557,0,0,2.1913782952563405,0,0,-0.0068604451993323681,0.0068604451993323681
958,-4.615586573820524,0,0,2.944274925169053,0,0,-0.0068604451993323681,0.0068604451993323681
959,-2.2220375758854853,0,0,2.6162819191166982,0,0,-0.0068604451993323681,0.0068604451993323681
960,-5.4840460368468378,0,0,-2.0649233860445544,0,0,-0.0064001339424209543,0.0064001339424209543
961,-0.49445024066067766,0,0,-1.4932202957076437,0,0,-0.0064001339424209543,0.0064001339424209543
962,5.5546256440120452,0,0,-1.1706565249467098,0,0,-0.0064001339424209543,0.0064001339424209543
963,-3.4469594010627458,0,0,-1.066744452108795,0,0,-0.0064001339424209543,0.0064001339424209543
964,2.2660254437762788,0,0,-1.1275305840932555,0,0,-0.0064001339424209543,0.0064001339424209543
965,-5.0294920455572294,0,0,-0.68016163173696842,0,0,-0.0064001339424209543,0.0064001339424209543
966,0.01676308852626196,0,0,-0.49796015615948769,0,0,-0.0064001339424209543,0.0064001339424209543
967,2.563663324839812,0,0,-0.56129623742430557,0,0,-0.0064001339424209543,0.0064001339424209543
968,4.5504847007128966,0,0,-0.48019059636860795,0,0,-0.0064001339424209543,0.0064001339424209543
969,-4.7241948094223423,0,0,-0.2984212475947024,0,0,-0.0064001339424209543,0.0064001339424209543
970,-1.2867399536426394,0,0,-0.038299050657218406,0,0,-0.0064001339424209543,0.0064001339424209543
971,1.8103324769157592,0,0,-0.053459151084530913,0,0,-0.0064001339424209543,0.0064001339424209543
972,2.877376253566343,0,0,-0.27659442578991417,0,0,-0.0064001339424209543,0.0064001339424209543
973,5.4705557739107178,0,0,-0.12581226622288924,0,0,-0.0064001339424209543,0.0064001339424209543
974,-4.8279635423687273,0,0,0.014587138648157701,0,0,-0.0064001339424209543,0.0064001339424209543
975,-2.3832981862578682,0,0,0.28624159972863344,0,0,-0.0064001339424209543,0.0064001339424209543
976,-0.61921938370257834,0,0,0.23421629374188155,0,0,-0.0064001339424209543,0.0064001339424209543
977,2.3362689408914719,0,0,0.21830188283460536,0,0,-0.0064001339424209543,0.0064001339424209543
978,4.952876858078282,0,0,0.35273102627793029,0,0,-0.0064001339424209543,0.0064001339424209543
979,-4.629360403525788,0,0,0.51675483579741921,0,0,-0.0064001339424209543,0.0064001339424209543
980,-2.7171144170013282,0,0,0.55908784748463558,0,0,-0.0064001339424209543,0.0064001339424209543
981,0.77045720657540606,0,0,0.52331533362345783,0,0,-0.0064001339424209543,0.0064001339424209543
982,4.7487536252711333,0,0,0.83237413002106464,0,0,-0.0064001339424209543,0.0064001339424209543
983,-6.1943122270320243,0,0,0.81177843981880737,0,0,-0.0064001339424209543,0.0064001339424209543
984,-2.8982387491755301,0,0,1.0516156592254251,0,0,-0.0064001339424209543,0.0064001339424209543
985,0.38930483728682663,0,0,0.97914641954814652,0,0,-0.0064001339424209543,0.0064001339424209543
986,4.1312432185636467,0,0,0.9879307609672463,0,0,-0.0064001339424209543,0.0064001339424209543
987,2.6961424469812911,0,0,2.0315340140608171,0,0,-0.0064001339424209543,0.0064001339424209543
988,1.322059205276906,0,0,1.23591610547675,0,0,-0.0064001339424209543,0.0064001339424209543
989,5.7647894002677056,0,0,1.5680876229488716,0,0,-0.0064001339424209543,0.0064001339424209543
990,5.9837389627040665,0,0,1.9577422069300907,0,0,-0.0064001339424209543,0.0064001339424209543
991,-4.1839892509281302,0,0,2.6804696708129336,0,0,-0.0064001339424209543,0.0064001339424209543
992,-1.3546266369356532,0,0,-2.6494913394627102,0,0,-0.0061654692986356369,0.0061654692986356369
993,-2.0473858829021259,0,0,-1.1880465904763322,0,0,-0.0061654692986356369,0.0061654692986356369
994,-1.5170092769576833,0,0,-1.3422714547914243,0,0,-0.0061654692986356369,0.0061654692986356369
995,-3.6113112573451764,0,0,-0.85189925867090965,0,0,-0.0061654692986356369,0.0061654692986356369
996,-3.3582245858162576,0,0,-1.2207576627343222,0,0,-0.0061654692986356369,0.0061654692986356369
997,3.2209300174066051,0,0,-0.98581389418675403,0,0,-0.0061654692986356369,0.0061654692986356369
998,-4.3118421674819576,0,0,-0.64315336684772495,0,0,-0.0061654692986356369,0.0061654692986356369
999,-0.043659408471174999,0,0,-0.50252210889142257,0,0,-0.0061654692986356369,0.0061654692986356369
1000,1.2290436115425258,0,0,-0.71984198827764645,0,0,-0.0061654692986356369,0.0061654692986356369
1001,3.6872375315379635,0,0,-0.5988791446806786,0,0,-0.0061654692986356369,0.0061654692986356369
1002,-5.8340813495015524,0,0,-0.310393067572732,0,0,-0.0061654692986356369,0.0061654692986356369
1003,-4.1000723760397744,0,0,-0.35843471001764954,0,0,-0.0061654692986356369,0.0061654692986356369
1004,-1.0001121001659348,0,0,-0.14084687741968135,0,0,-0.0061654692986356369,0.0061654692986356369
1005,1.7369244052296526,0,0,-0.17523024875104395,0,0,-0.0061654692986356369,0.0061654692986356369
1006,4.0929382265517411,0,0,-0.08491107170190032,0,0,-0.0061654692986356369,0.0061654692986356369
1007,-6.2683669643032607,0,0,-0.0088008644431345311,0,0,-0.0061654692986356369,0.0061654692986356369
1008,-3.8246669683337409,0,0,0.11410141255047354,0,0,-0.0061654692986356369,0.0061654692986356369
1009,-1.5511220675641555,0,0,0.14330335216907927,0,0,-0.0061654692986356369,0.0061654692986356369
1010,1.6354859962496118,0,0,0.14166258232089052,0,0,-0.0061654692986356369,0.0061654692986356369
1011,4.814814881814149,0,0,0.43025770774980548,0,0,-0.0061654692986356369,0.0061654692986356369
1012,-5.7528279382290028,0,0,0.54102313698006732,0,0,-0.0061654692986356369,0.0061654692986356369
1013,-3.198161436279797,0,0,0.58915400495424886,0,0,-0.0061654692986356369,0.0061654692986356369
1014,-0.31442360240083111,0,0,0.67190060183084599,0,0,-0.0061654692986356369,0.0061654692986356369
1015,1.6647563922383908,0,0,0.43232113970929609,0,0,-0.0061654692986356369,0.0061654692986356369
1016,4.3104215698844044,0,0,0.65232556340858272,0,0,-0.0061654692986356369,0.0061654692986356369
1017,-3.3902349711202664,0,0,0.97602554431736288,0,0,-0.0061654692986356369,0.0061654692986356369
1018,0.75107867598004052,0,0,0.97544003278023805,0,0,-0.0061654692986356369,0.0061654692986356369
1019,3.6726666458619146,0,0,0.88448775424855153,0,0,-0.0061654692986356369,0.0061654692986356369
1020,2.6982757545274758,0,0,1.697852881542266,0,0,-0.0061654692986356369,0.0061654692986356369
1021,0.57031381617134969,0,0,1.3144436712068166,0,0,-0.0061654692986356369,0.0061654692986356369
1022,-2.5685365046911324,0,0,1.736340694510458,0,0,-0.0061654692986356369,0.0061654692986356369
1023,-5.2908558447950726,0,0,2.8353862791945588,0,0,-0.0061654692986356369,0.0061654692986356369
