step,time,gauss_rms,gauss_max,gauge_rms,field_energy,kinetic_energy,total_energy,rho_mode,E_mode_re,E_mode_im,E_mode_abs,theory_E_abs,E_over_theory,mean_rho,picard_iterations,picard_current_error,picard_velocity_error,crossing_particles,avg_path_segments,max_path_segments
0,0,4.1969166101218986e-16,9.8775390059244442e-16,0,4.334128377813159e-30,11.187064626252173,11.187064626252173,2.6972936889150062e-17,2.6284698110128552e-17,6.0542521987010641e-18,2.6972936889150059e-17,nan,nan,0,0,nan,nan,0,0,1
1,0.025000000000000001,4.1968963094810716e-16,9.8765396902567026e-16,1.8225399200852954e-21,1.3965844359727967e-05,11.187050660407813,11.187064626252173,0.00023728144935692292,2.6168237978442434e-17,0.00023728144935692292,0.00023728144935692292,nan,nan,3.5072457972248373e-22,4,2.7932238431275232e-12,1.0587584679464302e-16,0,1,1
2,0.050000000000000003,4.1969163691148208e-16,9.8781659935154309e-16,9.1190522222778036e-21,5.5831909594237341e-05,11.18700879434258,11.187064626252173,0.00047442918672527604,2.5455285626142126e-17,0.00047442918672527593,0.00047442918672527593,nan,nan,-1.9058241313221758e-21,4,5.587760576227086e-12,1.0316286918644625e-16,0,1,1
3,0.075000000000000011,4.1968485845615445e-16,9.8857554087228294e-16,1.9146852553629251e-20,0.0001255038350487124,11.186939122417124,11.187064626252173,0.00071130949618024189,2.4947638361573882e-17,0.00071130949618024167,0.00071130949618024167,nan,nan,-4.6851509895003488e-21,4,5.5945149030565759e-12,1.3874499632289841e-16,0,1,1
4,0.10000000000000001,4.1969355079535192e-16,9.8835870043778584e-16,4.1334981639550573e-20,0.00022282449596383331,11.186841801756209,11.187064626252173,0.00094778865405237343,2.4425645104364093e-17,0.00094778865405237343,0.00094778865405237343,nan,nan,-4.8042649977079847e-21,4,5.617951416075978e-12,1.0982101747555051e-16,0,1,1
5,0.125,4.197000922796591e-16,9.8749133869979744e-16,6.9914107279469469e-20,0.00034757421821135021,11.186717052033961,11.187064626252173,0.0011837329253749074,2.4907483541411613e-17,0.0011837329253749072,0.0011837329253749072,nan,nan,1.5087774372967225e-21,4,5.6327021488734423e-12,1.3317920915518482e-16,0,1,1
6,0.15000000000000002,4.1973287129944343e-16,9.8879238130678004e-16,9.9928030654410012e-20,0.00049947107939694326,11.186565155172776,11.187064626252173,0.0014190085607144512,2.4445289357662171e-17,0.001419008560714451,0.001419008560714451,nan,nan,3.1499037726019294e-21,4,5.6456678253526016e-12,1.3266241967369102e-16,0,1,1
7,0.17500000000000002,4.197200008946432e-16,9.8749133869979744e-16,1.4857949917845427e-19,0.00067771748302289218,11.186386861658375,11.187064579141399,0.0016529285384072117,2.3696978196265312e-17,0.0016529285384072115,0.0016529285384072115,nan,nan,-3.2822526706104138e-21,4,5.6496800630154792e-12,1.3125708263363616e-16,0,1,1
8,0.20000000000000001,4.1974230623329969e-16,9.8749133869979744e-16,2.4403773692033608e-19,0.00088138120466240799,11.186183191146736,11.187064572351398,0.0018850005632115073,2.3929762260720721e-17,0.0018850005632115069,0.0018850005632115069,nan,nan,-1.011145580784821e-20,4,5.6459779071759753e-12,1.0184436296946382e-16,0,1,1
9,0.22500000000000001,4.1976166039058203e-16,9.9052710478275685e-16,3.9165185155676586e-19,0.0011102847440782983,11.18595428760732,11.187064572351398,0.0021156636193894818,2.3830594472150487e-17,0.0021156636193894818,0.0021156636193894818,nan,nan,-1.5590700185399466e-20,4,5.6316031401621662e-12,1.0170197513485063e-16,0,1,1
10,0.25,4.1974487553212223e-16,9.9269550912772786e-16,4.4833312719330455e-19,0.0013637945911542501,11.185700777760244,11.1870645723514,0.0023447888248115077,2.3593981014190678e-17,0.0023447888248115068,0.0023447888248115068,nan,nan,-1.6278914455043585e-20,4,5.6182851874280376e-12,1.1735375833427872e-16,0,1,1
11,0.27500000000000002,4.1978539452094627e-16,9.9443023260370467e-16,6.2331476350262012e-19,0.0016412229223587188,11.185423349429039,11.187064572351398,0.0025722480387420092,2.3301794367751926e-17,0.0025722480387420084,0.0025722480387420084,nan,nan,-5.7704119531699211e-21,4,5.6242844258607134e-12,1.3017790116050606e-16,0,1,1
12,0.30000000000000004,4.1979121244748473e-16,9.9659863694867568e-16,7.6193619536207399e-19,0.0019418290739009602,11.185122743277498,11.1870645723514,0.0027979138870345022,2.2900004675526964e-17,0.0027979138870345014,0.0027979138870345014,nan,nan,-6.8821426964411903e-22,4,5.6046496114790424e-12,1.1026532693320719e-16,0,1,1
13,0.32500000000000001,4.1979675395804065e-16,9.9659863694867568e-16,7.9919230758324515e-19,0.0022648210575417719,11.184799751293856,11.187064572351398,0.0030216597567554091,2.1578539146657403e-17,0.0030216597567554087,0.0030216597567554087,nan,nan,-4.4998625322884706e-21,4,5.621860510797911e-12,1.2693702471564401e-16,0,1,1
14,0.35000000000000003,4.1980856507870749e-16,9.9746599868666408e-16,9.9929379023322535e-19,0.0026093571434564465,11.184455215207942,11.187064572351398,0.0032433597913737533,2.0942886003666349e-17,0.0032433597913737525,0.0032433597913737525,nan,nan,-5.7704119531699211e-21,4,5.6290826960826096e-12,1.1589390208289488e-16,0,1,1
15,0.375,4.198106236507536e-16,9.9920072216264089e-16,1.1656720860723477e-18,0.0029745475092386145,11.18409002484216,11.187064572351398,0.0034628888866386574,2.0849499605870972e-17,0.0034628888866386565,0.0034628888866386565,nan,nan,-2.0805246766933752e-20,4,5.6446240639950911e-12,1.0162839347083321e-16,0,1,1
16,0.40000000000000002,4.1989789849073057e-16,1.0052722543285597e-15,1.3426204778545197e-18,0.0033594559542474874,11.183705116397151,11.1870645723514,0.0036801226872651494,1.9117776709902974e-17,0.0036801226872651477,0.0036801226872651477,nan,nan,-1.7999450129153882e-20,4,5.6484690392704815e-12,1.0242741402120999e-16,0,1,1
17,0.42500000000000004,4.1994082432849362e-16,1.0026701691145945e-15,1.4449924359838661e-18,0.0037631016786048525,11.183301470672793,11.187064572351398,0.0038949375845472758,1.8456990044957289e-17,0.0038949375845472741,0.0038949375845472741,nan,nan,-1.8211208365967457e-20,4,5.639485715635518e-12,1.2201924260654451e-16,0,1,1
18,0.45000000000000001,4.1999409691294219e-16,9.9920072216264089e-16,1.8164781951754803e-18,0.0041844611262411404,11.182880111225156,11.187064572351398,0.004107210715015964,1.7944224048486332e-17,0.0041072107150159623,0.0041072107150159623,nan,nan,-5.3998350387461647e-21,4,5.6952543285690736e-12,1.2099151558578503e-16,0,1,1
19,0.47500000000000003,4.2001786553481072e-16,9.9312918999672206e-16,2.165975134217001e-18,0.0046221733550451533,11.182443154160008,11.187065327515054,0.0043166819632656055,1.683469632094109e-17,0.0043166819632656046,0.0043166819632656046,nan,nan,3.8116482626443515e-21,4,5.6450702734448436e-12,1.0854356069998994e-16,0,1,1
20,0.5,4.200680292592215e-16,9.9139446652074525e-16,2.6765331679819737e-18,0.0050723843225838504,11.181992943192469,11.187065327515054,0.0045220245415694858,1.6009374440158076e-17,0.0045220245415694849,0.0045220245415694849,nan,nan,2.2234614865425384e-21,4,5.699021905810016e-12,9.9585257646107638e-17,0,1,1
21,0.52500000000000002,4.2015529724322017e-16,9.9399655173471047e-16,2.9470737635276326e-18,0.0055328589919806572,11.181532719883609,11.18706557887559,0.0047228206264273787,1.4573912046232635e-17,0.0047228206264273778,0.0047228206264273778,nan,nan,2.3558103845510228e-20,4,5.7641614578130403e-12,1.1389371495826596e-16,0,1,1
22,0.55000000000000004,4.201713680466766e-16,9.8705765783080324e-16,3.4037179662059314e-18,0.0060042417680544686,11.181061337107536,11.187065578875591,0.0049198901676476732,1.4066843432088375e-17,0.0049198901676476732,0.0049198901676476732,nan,nan,2.5516867536035798e-20,4,5.6446370635864424e-12,1.1396936085503455e-16,0,1,1
23,0.57500000000000007,4.2027308026107047e-16,9.9746599868666408e-16,3.9414793786983363e-18,0.006486195270030957,11.18057938360556,11.18706557887559,0.0051135321616639137,1.3642327444772216e-17,0.0051135321616639119,0.0051135321616639119,nan,nan,2.9328515798680149e-20,4,5.6406026668446195e-12,1.1627341225195195e-16,0,1,1
24,0.60000000000000009,4.2026798983745545e-16,9.9746599868666408e-16,4.0859339323404852e-18,0.0069774508701040839,11.180088128005487,11.187065578875591,0.0053036398507796557,1.3414156400625165e-17,0.0053036398507796557,0.0053036398507796557,nan,nan,3.5893021139900977e-20,4,5.6422805953597106e-12,1.2507634283454738e-16,0,1,1
25,0.625,4.2035422928922947e-16,1.0035375308525829e-15,4.3391006773947818e-18,0.0074767217734162507,11.179588857102175,11.187065578875591,0.0054901079081882895,1.3015894090328473e-17,0.0054901079081882895,0.0054901079081882895,nan,nan,2.9116757561866574e-20,4,5.6415321636256043e-12,1.046626689866232e-16,0,1,1
26,0.65000000000000002,4.2031360678341868e-16,9.9920072216264089e-16,4.9231525423502367e-18,0.0079827055468206318,11.17908287332877,11.187065578875591,0.0056728324313597214,1.1560869289215864e-17,0.0056728324313597197,0.0056728324313597197,nan,nan,1.6940658945086007e-20,4,5.6567753757557436e-12,1.0660088263373354e-16,0,1,1
27,0.67500000000000004,4.2037257847948307e-16,9.9573127521068727e-16,5.434334831267419e-18,0.0084940866635634191,11.178571492212027,11.187065578875591,0.0058517109367421868,1.1358518329342218e-17,0.0058517109367421868,0.0058517109367421868,nan,nan,-9.8467580118312414e-21,4,5.6428358247081569e-12,1.0372617666071244e-16,0,1,1
28,0.70000000000000007,4.2048534518507624e-16,9.9226182825873366e-16,5.3188428360987784e-18,0.0090095390626877738,11.178056039812903,11.187065578875591,0.0060266423558799839,1.0168918932793525e-17,0.0060266423558799831,0.0060266423558799831,nan,nan,-2.1175823681357508e-20,4,5.6576487279776744e-12,1.0116194246651159e-16,0,1,1
29,0.72500000000000009,4.2049358483762141e-16,9.8879238130678004e-16,5.5588249757130922e-18,0.0095277287220006755,11.177537850153591,11.187065578875591,0.0061975270330452119,1.0472177498691896e-17,0.0061975270330452102,0.0061975270330452102,nan,nan,-3.1234339930002325e-20,4,5.7067938484637483e-12,1.0775701599051696e-16,0,1,1
30,0.75,4.2049145806176095e-16,9.8705765783080324e-16,5.9468042834514422e-18,0.010047316243467556,11.177018262632124,11.187065578875591,0.0063642667244788497,1.0008093300346596e-17,0.0063642667244788488,0.0063642667244788488,nan,nan,-1.9058241313221758e-20,4,5.7268234475858338e-12,1.1117222340555881e-16,0,1,1
31,0.77500000000000002,4.2060110494185091e-16,9.9226182825873366e-16,6.8278281001811898e-18,0.010566948827706995,11.176498705242315,11.187065654070022,0.006526761318722772,9.5708598345010218e-18,0.0065267613187227694,0.0065267613187227694,nan,nan,-6.9880218148479778e-21,4,5.6445804570622003e-12,9.7940472430096702e-17,0,1,1
32,0.80000000000000004,4.2056738047813607e-16,9.8705765783080324e-16,7.1275446325494836e-18,0.01108313457728247,11.175982868297522,11.187066002874804,0.0066842728329051179,8.9639330280923258e-18,0.0066842728329051171,0.0066842728329051171,nan,nan,-1.0376153603865179e-20,4,5.6853638969673702e-12,8.8823546229241258e-17,0,1,1
33,0.82500000000000007,4.2063649139280415e-16,9.783840404509192e-16,6.986101327256934e-18,0.011591281762850271,11.175474721111955,11.187066002874806,0.0068357913599750957,8.4007323385371384e-18,0.0068357913599750931,0.0068357913599750931,nan,nan,-6.9880218148479778e-21,4,5.7305293737760088e-12,8.976059755905284e-17,0,1,1
34,0.85000000000000009,4.2081729695736886e-16,9.8532293435482643e-16,7.8929677247041084e-18,0.012089321168406485,11.174975759268039,11.187065080436446,0.0069811059060451083,8.5754000566193897e-18,0.0069811059060451049,0.0069811059060451049,nan,nan,-1.2281977735187355e-20,4,5.800850386978384e-12,9.7840531511635389e-17,0,1,1
35,0.875,4.2084312381772704e-16,9.8185348740287282e-16,8.3069624401760657e-18,0.012577007693916689,11.174489336306802,11.187066344000719,0.0071205195389389391,8.1985588923139526e-18,0.0071205195389389339,0.0071205195389389339,nan,nan,5.5057141571529522e-21,4,5.9416395105234974e-12,8.2771441728186193e-17,0,1,1
36,0.90000000000000002,4.2104947142074254e-16,9.8879238130678004e-16,8.3740214755910349e-18,0.01305592044283603,11.174010423557883,11.187066344000719,0.0072548163276926533,6.59486674237462e-18,0.0072548163276926455,0.0072548163276926455,nan,nan,2.6046263128069735e-20,4,5.6373357921637468e-12,1.0356609153032776e-16,0,1,1
37,0.92500000000000004,4.210426259259672e-16,9.8705765783080324e-16,9.5495030629375047e-18,0.01352553149759232,11.173540812503127,11.187066344000719,0.0073841327919851839,4.9382977200255752e-18,0.0073841327919851752,0.0073841327919851752,nan,nan,-3.0069669627527662e-20,4,5.6609393611068755e-12,8.1093294005645427e-17,0,1,1
38,0.95000000000000007,4.212427776821336e-16,9.8358821087884962e-16,1.0556959033717348e-17,0.013984620586370445,11.173081723414349,11.187066344000719,0.0075083986983695439,3.8033659430358585e-18,0.0075083986983695353,0.0075083986983695353,nan,nan,-1.4823076576950256e-20,4,5.6755517592860638e-12,9.6170184528125023e-17,0,1,1
39,0.97500000000000009,4.2150677022576347e-16,9.8358821087884962e-16,1.0802719912148568e-17,0.014431994975917612,11.172634349024801,11.187066344000717,0.0076275457315703931,3.082970333948999e-18,0.0076275457315703845,0.0076275457315703845,nan,nan,-2.7105054312137611e-20,4,5.7289114150639179e-12,9.1499657255115532e-17,0,1,1
40,1,4.2165415794222497e-16,9.8185348740287282e-16,1.1399001614218499e-17,0.014866491766013271,11.172199852234705,11.187066344000717,0.0077415074892081444,2.3921002474106257e-18,0.0077415074892081357,0.0077415074892081357,nan,nan,-1.164670302474663e-20,4,5.763527359024002e-12,9.2792965053490115e-17,0,1,1
41,1.0250000000000001,4.2189070021263865e-16,9.9746599868666408e-16,1.0963923304911733e-17,0.015286980139485956,11.171779363861233,11.187066344000719,0.0078502194784927544,2.5065364261432671e-18,0.0078502194784927475,0.0078502194784927475,nan,nan,-1.937587866844212e-20,4,5.7956143632281878e-12,9.1708297942334451e-17,0,1,1
42,1.05,4.2234263952298473e-16,9.8532293435482643e-16,1.1648843757683221e-17,0.015692363566815675,11.171373980433904,11.187066344000719,0.0079536191149511722,1.0007339631389149e-18,0.0079536191149511618,0.0079536191149511618,nan,nan,2.414043899674756e-20,4,5.809298765445238e-12,8.5488128493300805e-17,0,1,1
43,1.075,4.2227677473785375e-16,1.0061396160665481e-15,1.1801882948952165e-17,0.016081581964295336,11.170984762036424,11.187066344000719,0.0080516457232486464,2.9033886300410113e-19,0.0080516457232486377,0.0080516457232486377,nan,nan,1.9693516023662483e-20,4,5.8564750147691326e-12,7.8112305943782185e-17,0,1,1
44,1.1000000000000001,4.2244037962317623e-16,9.9399655173471047e-16,1.1787578856002372e-17,0.01645315889765725,11.170616113634033,11.187069272531691,0.0081441293779628277,-1.5886761338091668e-18,0.0081441293779628172,0.0081441293779628172,nan,nan,1.4823076576950256e-21,4,5.6144155760150727e-12,7.8433732774934363e-17,0,1,1
45,1.125,4.2255863139687836e-16,9.9746599868666408e-16,1.1763274831969353e-17,0.016802404153597673,11.170267171639864,11.187069575793462,0.0082301201935737651,-3.0140729782353578e-18,0.0082301201935737547,0.0082301201935737547,nan,nan,-2.1175823681357508e-22,4,5.8641410129352459e-12,8.3164592964654151e-17,0,1,1
46,1.1500000000000001,4.2293497878074525e-16,9.9746599868666408e-16,1.1995644832424694e-17,0.017126290767631842,11.169943285025829,11.18706957579346,0.0083090784694167912,-3.77961795545608e-18,0.008309078469416779,0.008309078469416779,nan,nan,3.14460981668159e-20,4,5.8985968836298878e-12,9.0200524361741056e-17,0,1,1
47,1.175,4.2330746688677935e-16,1.0130785099704553e-15,1.2677210763051756e-17,0.01742317760063614,11.169648001964365,11.187071179565001,0.0083808028224168062,-5.4149068133331891e-18,0.0083808028224167958,0.0083808028224167958,nan,nan,5.082197683525802e-20,4,6.1998358292185508e-12,7.0382174145058016e-17,0,1,1
48,1.2000000000000002,4.2352281421760811e-16,1.0200174038743626e-15,1.2063009629635972e-17,0.017693422954068901,11.169377756610931,11.187071179565001,0.0084455539194609845,-6.7643510208747495e-18,0.0084455539194609741,0.0084455539194609741,nan,nan,2.0540548970916783e-20,4,5.9234214050436342e-12,7.9469682496524829e-17,0,1,1
49,1.2250000000000001,4.2391319792698505e-16,1.0148132334464322e-15,1.1851487615626372e-17,0.017938249361304361,11.169130058262638,11.187068307623942,0.008503780875846384,-8.1159341955074415e-18,0.0085037808758463736,0.0085037808758463736,nan,nan,-5.9292306307801024e-21,4,5.8815895250922362e-12,7.2891008890354148e-17,0,1,1
50,1.25,4.2384880051699261e-16,1.0182826803983858e-15,1.2768094376885544e-17,0.018159903896219028,11.168908403727723,11.187068307623942,0.0085561546103969724,-8.9045822120052535e-18,0.0085561546103969585,0.0085561546103969585,nan,nan,-7.9409338805090657e-21,4,5.9894357075505183e-12,7.8012552033817144e-17,0,1,1
51,1.2750000000000001,4.2394850807130233e-16,1.0130785099704553e-15,1.3793510961889549e-17,0.018357907760987748,11.168710399862954,11.187068307623942,0.0086026701186372595,-9.5572127123811738e-18,0.0086026701186372456,0.0086026701186372456,nan,nan,5.6751207466038123e-20,4,5.9427853549649615e-12,7.1533028162794558e-17,0,1,1
52,1.3,4.2414670183666166e-16,1.0078743395425249e-15,1.6521166126306519e-17,0.018531751771071088,11.168536555852871,11.187068307623942,0.0086433032733222778,-1.2179062006036977e-17,0.0086433032733222673,0.0086433032733222673,nan,nan,4.2881042954748955e-20,4,5.9894853962598256e-12,6.3127142216825546e-17,0,1,1
53,1.3250000000000002,4.243556260786428e-16,1.0234868508263162e-15,1.7067488318497727e-17,0.018680985540559678,11.168387322083383,11.187068307623942,0.0086780321266344256,-1.2970218678734687e-17,0.0086780321266344135,0.0086780321266344135,nan,nan,1.207021949837378e-20,4,6.1223086080028638e-12,5.8490697310917227e-17,0,1,1
54,1.3500000000000001,4.2450824132795409e-16,1.0286910212542466e-15,1.748310809520612e-17,0.018805218334088873,11.168263089289853,11.187068307623942,0.0087068369077101665,-1.4578944550920848e-17,0.0087068369077101544,0.0087068369077101544,nan,nan,-2.1599340154984659e-20,4,6.4179250420908543e-12,4.832292082322347e-17,0,1,1
55,1.375,4.2412100922269304e-16,1.0078743395425249e-15,1.8255681894235262e-17,0.018904119835033536,11.168164187788909,11.187068307623942,0.0087297000224791955,-1.5861700696716025e-17,0.0087297000224791817,0.0087297000224791817,nan,nan,-3.14460981668159e-20,4,6.5857784352487146e-12,4.1334326827486959e-17,0,1,1
56,1.4000000000000001,4.2436523572355205e-16,1.0044048925905713e-15,1.854261759882473e-17,0.018977420829595752,11.168090886794348,11.187068307623944,0.0087466060558344591,-1.794261488533662e-17,0.008746606055834447,0.008746606055834447,nan,nan,-2.9434394917086937e-20,4,7.2978413910021712e-12,6.0527184462216667e-17,0,1,1
57,1.425,4.24856197398542e-16,1.0044048925905713e-15,2.0172953636644911e-17,0.01902381951918004,11.168048725619053,11.187072545138234,0.0087572946970406428,-1.9882463373470196e-17,0.0087572946970406289,0.0087572946970406289,nan,nan,-1.9269999550035333e-20,4,7.2172481637376281e-12,4.2333103618264972e-17,0,1,1
58,1.4500000000000002,4.2510712047769817e-16,9.9573127521068727e-16,2.0893615752727287e-17,0.019039558142111068,11.168032986996122,11.187072545138234,0.0087609337628543234,-2.2890957748281367e-17,0.0087609337628543078,0.0087609337628543078,nan,nan,-1.1011428314305904e-20,5,2.2408971061838893e-14,2.0438627270215434e-18,0,1,1
59,1.4750000000000001,4.2542316950584317e-16,9.9052710478275685e-16,2.1644175820116131e-17,0.019023565612264606,11.168048161132216,11.187071726744481,0.0087572792314764506,-2.431933518160524e-17,0.0087572792314764385,0.0087572792314764385,nan,nan,-2.9857911390714087e-20,4,1.9232655908891137e-12,1.3862144664152852e-17,0,1,1
60,1.5,4.2586613190031811e-16,1.0026701691145945e-15,2.283695365724663e-17,0.018974808209929885,11.168099114959212,11.187073923169141,0.0087460733677573021,-2.5563349480177839e-17,0.0087460733677572865,0.0087460733677572865,nan,nan,-3.0916702574781962e-20,4,2.5383334823536386e-12,2.6014049674710652e-17,0,1,1
61,1.5250000000000001,4.2664228680914175e-16,1.0130785099704553e-15,2.2100944823324071e-17,0.018894948046964365,11.168178975122176,11.187073923169141,0.0087276626590037897,-2.7229959585876145e-17,0.008727662659003774,0.008727662659003774,nan,nan,-2.8481482851425849e-20,4,4.8512712177904175e-12,4.0207253682623537e-17,0,1,1
62,1.55,4.2713560596536614e-16,1.0304257447302234e-15,2.2597898705016812e-17,0.018785232503898918,11.168289032271248,11.187074264775147,0.0087022901943442886,-2.8959856174055487e-17,0.008702290194344273,0.008702290194344273,nan,nan,-9.952637130238029e-21,4,5.0558790553272959e-12,6.2562854755717293e-17,0,1,1
63,1.5750000000000002,4.2735711375950423e-16,1.0286910212542466e-15,2.3919789294810311e-17,0.018649374606313922,11.168424890168833,11.187074264775147,0.0086707659607218115,-3.016667521912601e-17,0.0086707659607217942,0.0086707659607217942,nan,nan,1.0587911840678754e-20,4,5.2436630714009081e-12,4.2627392555083418e-17,0,1,1
64,1.6000000000000001,4.2768557205487603e-16,1.0217521273503394e-15,2.3236312821358376e-17,0.018488441465024829,11.168585823310123,11.187074264775147,0.008633274400959276,-3.2475643820894937e-17,0.0086332744009592587,0.0086332744009592587,nan,nan,5.082197683525802e-21,4,5.2938912912697251e-12,5.7263226627570083e-17,0,1,1
65,1.625,4.2912357359531774e-16,1.0200174038743626e-15,2.4576565897613762e-17,0.018302865609997644,11.16877139916515,11.187074264775148,0.008589838872186218,-3.3604028284794483e-17,0.0085898388721862041,0.0085898388721862041,nan,nan,-1.164670302474663e-20,4,5.255296378582081e-12,5.9551297581239721e-17,0,1,1
66,1.6500000000000001,4.2979431175049595e-16,1.0113437864944785e-15,2.4899215640001661e-17,0.018093139560426942,11.168981125214721,11.187074264775148,0.0085404849190019623,-3.5070919348389777e-17,0.0085404849190019484,0.0085404849190019484,nan,nan,2.7952087259391911e-20,4,5.2078683958665167e-12,6.1551261458309708e-17,0,1,1
67,1.675,4.3067514752708452e-16,1.0211558161554724e-15,2.5340277627135947e-17,0.017859814832055274,11.169214449943091,11.187074264775147,0.008485240272073603,-3.7029916249185523e-17,0.0084852402720735891,0.0084852402720735891,nan,nan,4.3833955020410043e-20,4,5.207618343336665e-12,8.3444278168550065e-17,0,1,1
68,1.7000000000000002,4.3170342746128253e-16,1.0451979993303384e-15,2.6898873015611647e-17,0.017603500861585568,11.169470763913562,11.187074264775148,0.0084241348490577787,-3.9760069798551164e-17,0.0084241348490577683,0.0084241348490577683,nan,nan,8.6820877093565785e-21,4,5.2065910897852037e-12,7.7957028763677474e-17,0,1,1
69,1.7250000000000001,4.3287615116772205e-16,1.054766083502523e-15,2.7980279662659269e-17,0.01732486384867412,11.169749400926474,11.187074264775148,0.0083572007578204335,-4.1448338244813622e-17,0.0083572007578204197,0.0083572007578204197,nan,nan,-8.6820877093565785e-21,4,5.2372221691342856e-12,7.0173844197432908e-17,0,1,1
70,1.75,4.3346011251754572e-16,1.0568802777388697e-15,2.7660349462610708e-17,0.017023528623585551,11.170051531945843,11.187075060569429,0.0082842100672093008,-4.3301751348522738e-17,0.0082842100672092887,0.0082842100672092887,nan,nan,-6.246867986000465e-21,4,5.1019201870792626e-12,8.4707930309075459e-17,0,1,1
71,1.7750000000000001,4.3341925829276092e-16,1.0620302380581759e-15,2.770046837868141e-17,0.016697420859527627,11.170377639709901,11.187075060569429,0.0082044950494885166,-4.4501737884111564e-17,0.0082044950494885027,0.0082044950494885027,nan,nan,-1.6728900708272432e-20,4,5.2937978764214957e-12,8.12848091492558e-17,0,1,1
72,1.8,4.3349309036650005e-16,1.0523266286144306e-15,2.9001421334120749e-17,0.016346876250489095,11.170730834346669,11.187077710597158,0.0081179371620532272,-4.581769433455602e-17,0.008117937162053215,0.008117937162053215,nan,nan,1.1011428314305904e-20,4,5.30550418255621e-12,9.1141606054286242e-17,0,1,1
73,1.8250000000000002,4.3355907783181837e-16,1.058113557710072e-15,3.0215567650497334e-17,0.015972329834641752,11.171106477565562,11.187078807400203,0.0080244140054027933,-4.8070081753818191e-17,0.0080244140054027795,0.0080244140054027795,nan,nan,1.6623021589865644e-20,4,5.2954882426934105e-12,9.4182306750808223e-17,0,1,1
74,1.8500000000000001,4.3400200818647429e-16,1.0713543767415512e-15,3.2345059801981584e-17,0.015575808746610737,11.171502998653594,11.187078807400205,0.0079241915507264633,-5.0068945080732073e-17,0.0079241915507264494,0.0079241915507264494,nan,nan,5.1245493308885171e-20,4,5.432935891504474e-12,9.3468481963784515e-17,0,1,1
75,1.875,4.3409997332763741e-16,1.0894605530220591e-15,3.3109884291831417e-17,0.015159265223385052,11.171915396679557,11.187074661902942,0.0078175187841567108,-5.1210122288144921e-17,0.0078175187841566952,0.0078175187841566952,nan,nan,3.7375328797596002e-20,4,5.7449927808938163e-12,1.0604603526672567e-16,0,1,1
76,1.9000000000000001,4.3499347868056107e-16,1.0929299999740127e-15,3.409066342609648e-17,0.014726617242802831,11.17234752890888,11.187074146151682,0.0077051562143119643,-5.1669882256278662e-17,0.0077051562143119496,0.0077051562143119496,nan,nan,1.9587636905255695e-20,4,5.3915333696320761e-12,9.712386858791214e-17,0,1,1
77,1.925,4.3546403351068523e-16,1.1017289782300904e-15,3.573593578643657e-17,0.01428002720261687,11.172794118949065,11.187074146151682,0.0075874273778743437,-5.3105476322973464e-17,0.0075874273778743298,0.0075874273778743298,nan,nan,3.1128460811595537e-20,4,5.5073960778233523e-12,1.0554850621271211e-16,0,1,1
78,1.9500000000000002,4.3707685076931068e-16,1.0998350125600298e-15,3.6186814387614721e-17,0.013820688737359643,11.173253457414322,11.187074146151682,0.0074644006583548944,-5.4096369957727687e-17,0.0074644006583548788,0.0074644006583548788,nan,nan,4.1186977060240354e-20,4,5.4838810668001809e-12,1.0883784071698078e-16,0,1,1
79,1.9750000000000001,4.3900964028723907e-16,1.1253561152608019e-15,3.7759846534316316e-17,0.013349828177575733,11.173724317974107,11.187074146151684,0.0073361464317323799,-5.5688968571399277e-17,0.007336146431732366,0.007336146431732366,nan,nan,1.0164395367051604e-20,4,5.4773037968023745e-12,1.0589954710766484e-16,0,1,1
80,2,4.4222942931857682e-16,1.1380921026557175e-15,3.8180672773019096e-17,0.012868701909241302,11.174205444242441,11.187074146151682,0.0072027370118363711,-5.7674448682204242e-17,0.0072027370118363573,0.0072027370118363573,nan,nan,1.291725244562808e-20,4,5.4799920367749971e-12,1.0022580751915583e-16,0,1,1
